id,crop_path,predicted_text,ground_truth_text,use_for_eval
Cars0,c:\Users\DELL\Documents\4IIR IA COURS\deep learning\reco-cnn\extracted_plates\plate_crops\Cars0_plate.png,IKLU1LH4555,,0
Cars1,c:\Users\DELL\Documents\4IIR IA COURS\deep learning\reco-cnn\extracted_plates\plate_crops\Cars1_plate.png,HPUUMNLL2H,,0
Cars10,c:\Users\DELL\Documents\4IIR IA COURS\deep learning\reco-cnn\extracted_plates\plate_crops\Cars10_plate.png,,,0
Cars101,c:\Users\DELL\Documents\4IIR IA COURS\deep learning\reco-cnn\extracted_plates\plate_crops\Cars101_plate.png,,,0
Cars102,c:\Users\DELL\Documents\4IIR IA COURS\deep learning\reco-cnn\extracted_plates\plate_crops\Cars102_plate.png,HEH6II3HI,,0
Cars107,c:\Users\DELL\Documents\4IIR IA COURS\deep learning\reco-cnn\extracted_plates\plate_crops\Cars107_plate.png,T,,0
Cars108,c:\Users\DELL\Documents\4IIR IA COURS\deep learning\reco-cnn\extracted_plates\plate_crops\Cars108_plate.png,HHUIHUHH66,,0
Cars109,c:\Users\DELL\Documents\4IIR IA COURS\deep learning\reco-cnn\extracted_plates\plate_crops\Cars109_plate.png,HLZITKUUI,,0
Cars11,c:\Users\DELL\Documents\4IIR IA COURS\deep learning\reco-cnn\extracted_plates\plate_crops\Cars11_plate.png,IIUH5IEKI,,0
Cars111,c:\Users\DELL\Documents\4IIR IA COURS\deep learning\reco-cnn\extracted_plates\plate_crops\Cars111_plate.png,MHLUEET590,,0
Cars112,c:\Users\DELL\Documents\4IIR IA COURS\deep learning\reco-cnn\extracted_plates\plate_crops\Cars112_plate.png,HTIIUNII,,0
Cars113,c:\Users\DELL\Documents\4IIR IA COURS\deep learning\reco-cnn\extracted_plates\plate_crops\Cars113_plate.png,MDHHLHII,,0
Cars114,c:\Users\DELL\Documents\4IIR IA COURS\deep learning\reco-cnn\extracted_plates\plate_crops\Cars114_plate.png,B,,0
Cars115,c:\Users\DELL\Documents\4IIR IA COURS\deep learning\reco-cnn\extracted_plates\plate_crops\Cars115_plate.png,MEEEIUH,,0
Cars116,c:\Users\DELL\Documents\4IIR IA COURS\deep learning\reco-cnn\extracted_plates\plate_crops\Cars116_plate.png,I,,0
Cars118,c:\Users\DELL\Documents\4IIR IA COURS\deep learning\reco-cnn\extracted_plates\plate_crops\Cars118_plate.png,UHEMUHH,,0
Cars12,c:\Users\DELL\Documents\4IIR IA COURS\deep learning\reco-cnn\extracted_plates\plate_crops\Cars12_plate.png,HHILHHTLHMH,,0
Cars120,c:\Users\DELL\Documents\4IIR IA COURS\deep learning\reco-cnn\extracted_plates\plate_crops\Cars120_plate.png,,,0
Cars122,c:\Users\DELL\Documents\4IIR IA COURS\deep learning\reco-cnn\extracted_plates\plate_crops\Cars122_plate.png,MANISH,,0
Cars123,c:\Users\DELL\Documents\4IIR IA COURS\deep learning\reco-cnn\extracted_plates\plate_crops\Cars123_plate.png,,,0
Cars125,c:\Users\DELL\Documents\4IIR IA COURS\deep learning\reco-cnn\extracted_plates\plate_crops\Cars125_plate.png,MH7,,0
Cars126,c:\Users\DELL\Documents\4IIR IA COURS\deep learning\reco-cnn\extracted_plates\plate_crops\Cars126_plate.png,IHH,,0
Cars128,c:\Users\DELL\Documents\4IIR IA COURS\deep learning\reco-cnn\extracted_plates\plate_crops\Cars128_plate.png,UIIHEHIIUI,,0
Cars129,c:\Users\DELL\Documents\4IIR IA COURS\deep learning\reco-cnn\extracted_plates\plate_crops\Cars129_plate.png,IUDEULUU,,0
Cars130,c:\Users\DELL\Documents\4IIR IA COURS\deep learning\reco-cnn\extracted_plates\plate_crops\Cars130_plate.png,,,0
Cars131,c:\Users\DELL\Documents\4IIR IA COURS\deep learning\reco-cnn\extracted_plates\plate_crops\Cars131_plate.png,AB,,0
Cars133,c:\Users\DELL\Documents\4IIR IA COURS\deep learning\reco-cnn\extracted_plates\plate_crops\Cars133_plate.png,UEIZDHI,,0
Cars134,c:\Users\DELL\Documents\4IIR IA COURS\deep learning\reco-cnn\extracted_plates\plate_crops\Cars134_plate.png,,,0
Cars135,c:\Users\DELL\Documents\4IIR IA COURS\deep learning\reco-cnn\extracted_plates\plate_crops\Cars135_plate.png,FUIL3LH,,0
Cars138,c:\Users\DELL\Documents\4IIR IA COURS\deep learning\reco-cnn\extracted_plates\plate_crops\Cars138_plate.png,M9,,0
Cars14,c:\Users\DELL\Documents\4IIR IA COURS\deep learning\reco-cnn\extracted_plates\plate_crops\Cars14_plate.png,HLHHHE,,0
Cars140,c:\Users\DELL\Documents\4IIR IA COURS\deep learning\reco-cnn\extracted_plates\plate_crops\Cars140_plate.png,HCHUHNU,,0
Cars142,c:\Users\DELL\Documents\4IIR IA COURS\deep learning\reco-cnn\extracted_plates\plate_crops\Cars142_plate.png,TFIN,,0
Cars144,c:\Users\DELL\Documents\4IIR IA COURS\deep learning\reco-cnn\extracted_plates\plate_crops\Cars144_plate.png,LTLUL,,0
Cars145,c:\Users\DELL\Documents\4IIR IA COURS\deep learning\reco-cnn\extracted_plates\plate_crops\Cars145_plate.png,CHHNUH,,0
Cars147,c:\Users\DELL\Documents\4IIR IA COURS\deep learning\reco-cnn\extracted_plates\plate_crops\Cars147_plate.png,KLU1LH4555,,0
Cars148,c:\Users\DELL\Documents\4IIR IA COURS\deep learning\reco-cnn\extracted_plates\plate_crops\Cars148_plate.png,H,,0
Cars15,c:\Users\DELL\Documents\4IIR IA COURS\deep learning\reco-cnn\extracted_plates\plate_crops\Cars15_plate.png,TUL00N,,0
Cars150,c:\Users\DELL\Documents\4IIR IA COURS\deep learning\reco-cnn\extracted_plates\plate_crops\Cars150_plate.png,DLHUA4H5U,,0
Cars151,c:\Users\DELL\Documents\4IIR IA COURS\deep learning\reco-cnn\extracted_plates\plate_crops\Cars151_plate.png,,,0
Cars152,c:\Users\DELL\Documents\4IIR IA COURS\deep learning\reco-cnn\extracted_plates\plate_crops\Cars152_plate.png,DL49AK4H,,0
Cars153,c:\Users\DELL\Documents\4IIR IA COURS\deep learning\reco-cnn\extracted_plates\plate_crops\Cars153_plate.png,T,,0
Cars154,c:\Users\DELL\Documents\4IIR IA COURS\deep learning\reco-cnn\extracted_plates\plate_crops\Cars154_plate.png,HHHI,,0
Cars156,c:\Users\DELL\Documents\4IIR IA COURS\deep learning\reco-cnn\extracted_plates\plate_crops\Cars156_plate.png,HHHIHHHE,,0
Cars158,c:\Users\DELL\Documents\4IIR IA COURS\deep learning\reco-cnn\extracted_plates\plate_crops\Cars158_plate.png,HNDWNNI,,0
Cars159,c:\Users\DELL\Documents\4IIR IA COURS\deep learning\reco-cnn\extracted_plates\plate_crops\Cars159_plate.png,,,0
Cars160,c:\Users\DELL\Documents\4IIR IA COURS\deep learning\reco-cnn\extracted_plates\plate_crops\Cars160_plate.png,,,0
Cars161,c:\Users\DELL\Documents\4IIR IA COURS\deep learning\reco-cnn\extracted_plates\plate_crops\Cars161_plate.png,,,0
Cars162,c:\Users\DELL\Documents\4IIR IA COURS\deep learning\reco-cnn\extracted_plates\plate_crops\Cars162_plate.png,EE,,0
Cars163,c:\Users\DELL\Documents\4IIR IA COURS\deep learning\reco-cnn\extracted_plates\plate_crops\Cars163_plate.png,ULH33TEE,,0
Cars164,c:\Users\DELL\Documents\4IIR IA COURS\deep learning\reco-cnn\extracted_plates\plate_crops\Cars164_plate.png,T,,0
Cars165,c:\Users\DELL\Documents\4IIR IA COURS\deep learning\reco-cnn\extracted_plates\plate_crops\Cars165_plate.png,HH,,0
Cars166,c:\Users\DELL\Documents\4IIR IA COURS\deep learning\reco-cnn\extracted_plates\plate_crops\Cars166_plate.png,,,0
Cars167,c:\Users\DELL\Documents\4IIR IA COURS\deep learning\reco-cnn\extracted_plates\plate_crops\Cars167_plate.png,,,0
Cars168,c:\Users\DELL\Documents\4IIR IA COURS\deep learning\reco-cnn\extracted_plates\plate_crops\Cars168_plate.png,,,0
Cars169,c:\Users\DELL\Documents\4IIR IA COURS\deep learning\reco-cnn\extracted_plates\plate_crops\Cars169_plate.png,HHHIHHHE,,0
Cars172,c:\Users\DELL\Documents\4IIR IA COURS\deep learning\reco-cnn\extracted_plates\plate_crops\Cars172_plate.png,HHMUHH,,0
Cars173,c:\Users\DELL\Documents\4IIR IA COURS\deep learning\reco-cnn\extracted_plates\plate_crops\Cars173_plate.png,HH405I,,0
Cars175,c:\Users\DELL\Documents\4IIR IA COURS\deep learning\reco-cnn\extracted_plates\plate_crops\Cars175_plate.png,,,0
Cars176,c:\Users\DELL\Documents\4IIR IA COURS\deep learning\reco-cnn\extracted_plates\plate_crops\Cars176_plate.png,IMII,,0
Cars177,c:\Users\DELL\Documents\4IIR IA COURS\deep learning\reco-cnn\extracted_plates\plate_crops\Cars177_plate.png,IHUUDDI,,0
Cars179,c:\Users\DELL\Documents\4IIR IA COURS\deep learning\reco-cnn\extracted_plates\plate_crops\Cars179_plate.png,HNLENU,,0
Cars18,c:\Users\DELL\Documents\4IIR IA COURS\deep learning\reco-cnn\extracted_plates\plate_crops\Cars18_plate.png,MEEEIUH,,0
Cars180,c:\Users\DELL\Documents\4IIR IA COURS\deep learning\reco-cnn\extracted_plates\plate_crops\Cars180_plate.png,MDHHLHII,,0
Cars182,c:\Users\DELL\Documents\4IIR IA COURS\deep learning\reco-cnn\extracted_plates\plate_crops\Cars182_plate.png,HIHLHF,,0
Cars183,c:\Users\DELL\Documents\4IIR IA COURS\deep learning\reco-cnn\extracted_plates\plate_crops\Cars183_plate.png,BRIT1UUU1,,0
Cars185,c:\Users\DELL\Documents\4IIR IA COURS\deep learning\reco-cnn\extracted_plates\plate_crops\Cars185_plate.png,HH,,0
Cars186,c:\Users\DELL\Documents\4IIR IA COURS\deep learning\reco-cnn\extracted_plates\plate_crops\Cars186_plate.png,HLUEHFHI,,0
Cars187,c:\Users\DELL\Documents\4IIR IA COURS\deep learning\reco-cnn\extracted_plates\plate_crops\Cars187_plate.png,HLHHHE,,0
Cars189,c:\Users\DELL\Documents\4IIR IA COURS\deep learning\reco-cnn\extracted_plates\plate_crops\Cars189_plate.png,CHUUHNUUUUH,,0
Cars19,c:\Users\DELL\Documents\4IIR IA COURS\deep learning\reco-cnn\extracted_plates\plate_crops\Cars19_plate.png,,,0
Cars190,c:\Users\DELL\Documents\4IIR IA COURS\deep learning\reco-cnn\extracted_plates\plate_crops\Cars190_plate.png,KL5HA26TU,,0
Cars191,c:\Users\DELL\Documents\4IIR IA COURS\deep learning\reco-cnn\extracted_plates\plate_crops\Cars191_plate.png,,,0
Cars192,c:\Users\DELL\Documents\4IIR IA COURS\deep learning\reco-cnn\extracted_plates\plate_crops\Cars192_plate.png,HEHELE,,0
Cars195,c:\Users\DELL\Documents\4IIR IA COURS\deep learning\reco-cnn\extracted_plates\plate_crops\Cars195_plate.png,,,0
Cars197,c:\Users\DELL\Documents\4IIR IA COURS\deep learning\reco-cnn\extracted_plates\plate_crops\Cars197_plate.png,HLH33TEE,,0
Cars198,c:\Users\DELL\Documents\4IIR IA COURS\deep learning\reco-cnn\extracted_plates\plate_crops\Cars198_plate.png,HHUIHHHHBB,,0
Cars199,c:\Users\DELL\Documents\4IIR IA COURS\deep learning\reco-cnn\extracted_plates\plate_crops\Cars199_plate.png,IIHUIHE00II,,0
Cars200,c:\Users\DELL\Documents\4IIR IA COURS\deep learning\reco-cnn\extracted_plates\plate_crops\Cars200_plate.png,,,0
Cars201,c:\Users\DELL\Documents\4IIR IA COURS\deep learning\reco-cnn\extracted_plates\plate_crops\Cars201_plate.png,HHI,,0
Cars202,c:\Users\DELL\Documents\4IIR IA COURS\deep learning\reco-cnn\extracted_plates\plate_crops\Cars202_plate.png,L,,0
Cars203,c:\Users\DELL\Documents\4IIR IA COURS\deep learning\reco-cnn\extracted_plates\plate_crops\Cars203_plate.png,HULZITKUUI,,0
Cars204,c:\Users\DELL\Documents\4IIR IA COURS\deep learning\reco-cnn\extracted_plates\plate_crops\Cars204_plate.png,HHIUNU,,0
Cars205,c:\Users\DELL\Documents\4IIR IA COURS\deep learning\reco-cnn\extracted_plates\plate_crops\Cars205_plate.png,,,0
Cars206,c:\Users\DELL\Documents\4IIR IA COURS\deep learning\reco-cnn\extracted_plates\plate_crops\Cars206_plate.png,HMUUUI,,0
Cars207,c:\Users\DELL\Documents\4IIR IA COURS\deep learning\reco-cnn\extracted_plates\plate_crops\Cars207_plate.png,,,0
Cars208,c:\Users\DELL\Documents\4IIR IA COURS\deep learning\reco-cnn\extracted_plates\plate_crops\Cars208_plate.png,HUH,,0
Cars21,c:\Users\DELL\Documents\4IIR IA COURS\deep learning\reco-cnn\extracted_plates\plate_crops\Cars21_plate.png,IHU,,0
Cars210,c:\Users\DELL\Documents\4IIR IA COURS\deep learning\reco-cnn\extracted_plates\plate_crops\Cars210_plate.png,IIHUIHEU0II,,0
Cars211,c:\Users\DELL\Documents\4IIR IA COURS\deep learning\reco-cnn\extracted_plates\plate_crops\Cars211_plate.png,FHHUULM,,0
Cars212,c:\Users\DELL\Documents\4IIR IA COURS\deep learning\reco-cnn\extracted_plates\plate_crops\Cars212_plate.png,KLEEHMHHB,,0
Cars213,c:\Users\DELL\Documents\4IIR IA COURS\deep learning\reco-cnn\extracted_plates\plate_crops\Cars213_plate.png,E,,0
Cars215,c:\Users\DELL\Documents\4IIR IA COURS\deep learning\reco-cnn\extracted_plates\plate_crops\Cars215_plate.png,EHHHHH,,0
Cars216,c:\Users\DELL\Documents\4IIR IA COURS\deep learning\reco-cnn\extracted_plates\plate_crops\Cars216_plate.png,IUPEULUL,,0
Cars217,c:\Users\DELL\Documents\4IIR IA COURS\deep learning\reco-cnn\extracted_plates\plate_crops\Cars217_plate.png,,,0
Cars219,c:\Users\DELL\Documents\4IIR IA COURS\deep learning\reco-cnn\extracted_plates\plate_crops\Cars219_plate.png,,,0
Cars223,c:\Users\DELL\Documents\4IIR IA COURS\deep learning\reco-cnn\extracted_plates\plate_crops\Cars223_plate.png,,,0
Cars224,c:\Users\DELL\Documents\4IIR IA COURS\deep learning\reco-cnn\extracted_plates\plate_crops\Cars224_plate.png,HBAUIT,,0
Cars225,c:\Users\DELL\Documents\4IIR IA COURS\deep learning\reco-cnn\extracted_plates\plate_crops\Cars225_plate.png,UHE2UHH,,0
Cars226,c:\Users\DELL\Documents\4IIR IA COURS\deep learning\reco-cnn\extracted_plates\plate_crops\Cars226_plate.png,TM1USM,,0
Cars23,c:\Users\DELL\Documents\4IIR IA COURS\deep learning\reco-cnn\extracted_plates\plate_crops\Cars23_plate.png,HHHH,,0
Cars230,c:\Users\DELL\Documents\4IIR IA COURS\deep learning\reco-cnn\extracted_plates\plate_crops\Cars230_plate.png,ULH33TEE,,0
Cars231,c:\Users\DELL\Documents\4IIR IA COURS\deep learning\reco-cnn\extracted_plates\plate_crops\Cars231_plate.png,HIEHIHTEE,,0
Cars232,c:\Users\DELL\Documents\4IIR IA COURS\deep learning\reco-cnn\extracted_plates\plate_crops\Cars232_plate.png,IUINI,,0
Cars233,c:\Users\DELL\Documents\4IIR IA COURS\deep learning\reco-cnn\extracted_plates\plate_crops\Cars233_plate.png,I,,0
Cars234,c:\Users\DELL\Documents\4IIR IA COURS\deep learning\reco-cnn\extracted_plates\plate_crops\Cars234_plate.png,,,0
Cars235,c:\Users\DELL\Documents\4IIR IA COURS\deep learning\reco-cnn\extracted_plates\plate_crops\Cars235_plate.png,HJU3JLUILH,,0
Cars238,c:\Users\DELL\Documents\4IIR IA COURS\deep learning\reco-cnn\extracted_plates\plate_crops\Cars238_plate.png,IHINLMMM,,0
Cars239,c:\Users\DELL\Documents\4IIR IA COURS\deep learning\reco-cnn\extracted_plates\plate_crops\Cars239_plate.png,,,0
Cars24,c:\Users\DELL\Documents\4IIR IA COURS\deep learning\reco-cnn\extracted_plates\plate_crops\Cars24_plate.png,,,0
Cars240,c:\Users\DELL\Documents\4IIR IA COURS\deep learning\reco-cnn\extracted_plates\plate_crops\Cars240_plate.png,I,,0
Cars241,c:\Users\DELL\Documents\4IIR IA COURS\deep learning\reco-cnn\extracted_plates\plate_crops\Cars241_plate.png,MMIUI,,0
Cars242,c:\Users\DELL\Documents\4IIR IA COURS\deep learning\reco-cnn\extracted_plates\plate_crops\Cars242_plate.png,LH,,0
Cars243,c:\Users\DELL\Documents\4IIR IA COURS\deep learning\reco-cnn\extracted_plates\plate_crops\Cars243_plate.png,,,0
Cars244,c:\Users\DELL\Documents\4IIR IA COURS\deep learning\reco-cnn\extracted_plates\plate_crops\Cars244_plate.png,MIAQUIAU,,0
Cars245,c:\Users\DELL\Documents\4IIR IA COURS\deep learning\reco-cnn\extracted_plates\plate_crops\Cars245_plate.png,MMU,,0
Cars246,c:\Users\DELL\Documents\4IIR IA COURS\deep learning\reco-cnn\extracted_plates\plate_crops\Cars246_plate.png,LHM,,0
Cars247,c:\Users\DELL\Documents\4IIR IA COURS\deep learning\reco-cnn\extracted_plates\plate_crops\Cars247_plate.png,,,0
Cars248,c:\Users\DELL\Documents\4IIR IA COURS\deep learning\reco-cnn\extracted_plates\plate_crops\Cars248_plate.png,,,0
Cars250,c:\Users\DELL\Documents\4IIR IA COURS\deep learning\reco-cnn\extracted_plates\plate_crops\Cars250_plate.png,HPUMNLL2I,,0
Cars251,c:\Users\DELL\Documents\4IIR IA COURS\deep learning\reco-cnn\extracted_plates\plate_crops\Cars251_plate.png,IHUHLFML,,0
Cars252,c:\Users\DELL\Documents\4IIR IA COURS\deep learning\reco-cnn\extracted_plates\plate_crops\Cars252_plate.png,,,0
Cars254,c:\Users\DELL\Documents\4IIR IA COURS\deep learning\reco-cnn\extracted_plates\plate_crops\Cars254_plate.png,,,0
Cars255,c:\Users\DELL\Documents\4IIR IA COURS\deep learning\reco-cnn\extracted_plates\plate_crops\Cars255_plate.png,MHLUEUUHEHH,,0
Cars256,c:\Users\DELL\Documents\4IIR IA COURS\deep learning\reco-cnn\extracted_plates\plate_crops\Cars256_plate.png,UUEHLHI,,0
Cars257,c:\Users\DELL\Documents\4IIR IA COURS\deep learning\reco-cnn\extracted_plates\plate_crops\Cars257_plate.png,UKLHI,,0
Cars258,c:\Users\DELL\Documents\4IIR IA COURS\deep learning\reco-cnn\extracted_plates\plate_crops\Cars258_plate.png,,,0
Cars259,c:\Users\DELL\Documents\4IIR IA COURS\deep learning\reco-cnn\extracted_plates\plate_crops\Cars259_plate.png,IIHLUEET590,,0
Cars26,c:\Users\DELL\Documents\4IIR IA COURS\deep learning\reco-cnn\extracted_plates\plate_crops\Cars26_plate.png,FUIL3ZH,,0
Cars260,c:\Users\DELL\Documents\4IIR IA COURS\deep learning\reco-cnn\extracted_plates\plate_crops\Cars260_plate.png,,,0
Cars261,c:\Users\DELL\Documents\4IIR IA COURS\deep learning\reco-cnn\extracted_plates\plate_crops\Cars261_plate.png,TQUHEHIHM,,0
Cars263,c:\Users\DELL\Documents\4IIR IA COURS\deep learning\reco-cnn\extracted_plates\plate_crops\Cars263_plate.png,HHHUECBHEHE,,0
Cars264,c:\Users\DELL\Documents\4IIR IA COURS\deep learning\reco-cnn\extracted_plates\plate_crops\Cars264_plate.png,MU4U,,0
Cars265,c:\Users\DELL\Documents\4IIR IA COURS\deep learning\reco-cnn\extracted_plates\plate_crops\Cars265_plate.png,II77IZ7U,,0
Cars266,c:\Users\DELL\Documents\4IIR IA COURS\deep learning\reco-cnn\extracted_plates\plate_crops\Cars266_plate.png,I,,0
Cars267,c:\Users\DELL\Documents\4IIR IA COURS\deep learning\reco-cnn\extracted_plates\plate_crops\Cars267_plate.png,UMTUUM,,0
Cars268,c:\Users\DELL\Documents\4IIR IA COURS\deep learning\reco-cnn\extracted_plates\plate_crops\Cars268_plate.png,,,0
Cars27,c:\Users\DELL\Documents\4IIR IA COURS\deep learning\reco-cnn\extracted_plates\plate_crops\Cars27_plate.png,IDZITIHH,,0
Cars271,c:\Users\DELL\Documents\4IIR IA COURS\deep learning\reco-cnn\extracted_plates\plate_crops\Cars271_plate.png,,,0
Cars272,c:\Users\DELL\Documents\4IIR IA COURS\deep learning\reco-cnn\extracted_plates\plate_crops\Cars272_plate.png,IHHHIHUU,,0
Cars273,c:\Users\DELL\Documents\4IIR IA COURS\deep learning\reco-cnn\extracted_plates\plate_crops\Cars273_plate.png,,,0
Cars274,c:\Users\DELL\Documents\4IIR IA COURS\deep learning\reco-cnn\extracted_plates\plate_crops\Cars274_plate.png,MANISH,,0
Cars275,c:\Users\DELL\Documents\4IIR IA COURS\deep learning\reco-cnn\extracted_plates\plate_crops\Cars275_plate.png,,,0
Cars276,c:\Users\DELL\Documents\4IIR IA COURS\deep learning\reco-cnn\extracted_plates\plate_crops\Cars276_plate.png,HLZITKUUI,,0
Cars279,c:\Users\DELL\Documents\4IIR IA COURS\deep learning\reco-cnn\extracted_plates\plate_crops\Cars279_plate.png,,,0
Cars28,c:\Users\DELL\Documents\4IIR IA COURS\deep learning\reco-cnn\extracted_plates\plate_crops\Cars28_plate.png,HMU0IMMUU0,,0
Cars282,c:\Users\DELL\Documents\4IIR IA COURS\deep learning\reco-cnn\extracted_plates\plate_crops\Cars282_plate.png,IM6H6I13H,,0
Cars284,c:\Users\DELL\Documents\4IIR IA COURS\deep learning\reco-cnn\extracted_plates\plate_crops\Cars284_plate.png,HUI,,0
Cars285,c:\Users\DELL\Documents\4IIR IA COURS\deep learning\reco-cnn\extracted_plates\plate_crops\Cars285_plate.png,UM4UHMUUMU,,0
Cars286,c:\Users\DELL\Documents\4IIR IA COURS\deep learning\reco-cnn\extracted_plates\plate_crops\Cars286_plate.png,HMLIPHI,,0
Cars287,c:\Users\DELL\Documents\4IIR IA COURS\deep learning\reco-cnn\extracted_plates\plate_crops\Cars287_plate.png,,,0
Cars288,c:\Users\DELL\Documents\4IIR IA COURS\deep learning\reco-cnn\extracted_plates\plate_crops\Cars288_plate.png,,,0
Cars289,c:\Users\DELL\Documents\4IIR IA COURS\deep learning\reco-cnn\extracted_plates\plate_crops\Cars289_plate.png,H,,0
Cars29,c:\Users\DELL\Documents\4IIR IA COURS\deep learning\reco-cnn\extracted_plates\plate_crops\Cars29_plate.png,HHHHE,,0
Cars291,c:\Users\DELL\Documents\4IIR IA COURS\deep learning\reco-cnn\extracted_plates\plate_crops\Cars291_plate.png,,,0
Cars293,c:\Users\DELL\Documents\4IIR IA COURS\deep learning\reco-cnn\extracted_plates\plate_crops\Cars293_plate.png,HIEHIHTEE,,0
Cars294,c:\Users\DELL\Documents\4IIR IA COURS\deep learning\reco-cnn\extracted_plates\plate_crops\Cars294_plate.png,IIIIULIT00LI,,0
Cars296,c:\Users\DELL\Documents\4IIR IA COURS\deep learning\reco-cnn\extracted_plates\plate_crops\Cars296_plate.png,NUU,,0
Cars297,c:\Users\DELL\Documents\4IIR IA COURS\deep learning\reco-cnn\extracted_plates\plate_crops\Cars297_plate.png,,,0
Cars298,c:\Users\DELL\Documents\4IIR IA COURS\deep learning\reco-cnn\extracted_plates\plate_crops\Cars298_plate.png,LHIDL,,0
Cars299,c:\Users\DELL\Documents\4IIR IA COURS\deep learning\reco-cnn\extracted_plates\plate_crops\Cars299_plate.png,I,,0
Cars3,c:\Users\DELL\Documents\4IIR IA COURS\deep learning\reco-cnn\extracted_plates\plate_crops\Cars3_plate.png,IUZITIHH,,0
Cars300,c:\Users\DELL\Documents\4IIR IA COURS\deep learning\reco-cnn\extracted_plates\plate_crops\Cars300_plate.png,FUIZ3Z,,0
Cars301,c:\Users\DELL\Documents\4IIR IA COURS\deep learning\reco-cnn\extracted_plates\plate_crops\Cars301_plate.png,EE2EJHUI,,0
Cars302,c:\Users\DELL\Documents\4IIR IA COURS\deep learning\reco-cnn\extracted_plates\plate_crops\Cars302_plate.png,KLUHUMEU,,0
Cars303,c:\Users\DELL\Documents\4IIR IA COURS\deep learning\reco-cnn\extracted_plates\plate_crops\Cars303_plate.png,KL5HA26TU,,0
Cars304,c:\Users\DELL\Documents\4IIR IA COURS\deep learning\reco-cnn\extracted_plates\plate_crops\Cars304_plate.png,UNI0MILJI,,0
Cars305,c:\Users\DELL\Documents\4IIR IA COURS\deep learning\reco-cnn\extracted_plates\plate_crops\Cars305_plate.png,THUI,,0
Cars306,c:\Users\DELL\Documents\4IIR IA COURS\deep learning\reco-cnn\extracted_plates\plate_crops\Cars306_plate.png,LHHMER,,0
Cars307,c:\Users\DELL\Documents\4IIR IA COURS\deep learning\reco-cnn\extracted_plates\plate_crops\Cars307_plate.png,IMOUOUOUK,,0
Cars308,c:\Users\DELL\Documents\4IIR IA COURS\deep learning\reco-cnn\extracted_plates\plate_crops\Cars308_plate.png,,,0
Cars309,c:\Users\DELL\Documents\4IIR IA COURS\deep learning\reco-cnn\extracted_plates\plate_crops\Cars309_plate.png,III1NI00II,,0
Cars31,c:\Users\DELL\Documents\4IIR IA COURS\deep learning\reco-cnn\extracted_plates\plate_crops\Cars31_plate.png,IUEHLHI,,0
Cars310,c:\Users\DELL\Documents\4IIR IA COURS\deep learning\reco-cnn\extracted_plates\plate_crops\Cars310_plate.png,IHMMHI,,0
Cars311,c:\Users\DELL\Documents\4IIR IA COURS\deep learning\reco-cnn\extracted_plates\plate_crops\Cars311_plate.png,UMLIUUN,,0
Cars312,c:\Users\DELL\Documents\4IIR IA COURS\deep learning\reco-cnn\extracted_plates\plate_crops\Cars312_plate.png,HUIHHE,,0
Cars313,c:\Users\DELL\Documents\4IIR IA COURS\deep learning\reco-cnn\extracted_plates\plate_crops\Cars313_plate.png,HIEIUNDL,,0
Cars314,c:\Users\DELL\Documents\4IIR IA COURS\deep learning\reco-cnn\extracted_plates\plate_crops\Cars314_plate.png,6PTI72U,,0
Cars315,c:\Users\DELL\Documents\4IIR IA COURS\deep learning\reco-cnn\extracted_plates\plate_crops\Cars315_plate.png,WUHHMHH,,0
Cars316,c:\Users\DELL\Documents\4IIR IA COURS\deep learning\reco-cnn\extracted_plates\plate_crops\Cars316_plate.png,H,,0
Cars317,c:\Users\DELL\Documents\4IIR IA COURS\deep learning\reco-cnn\extracted_plates\plate_crops\Cars317_plate.png,,,0
Cars318,c:\Users\DELL\Documents\4IIR IA COURS\deep learning\reco-cnn\extracted_plates\plate_crops\Cars318_plate.png,HLHHHE,,0
Cars319,c:\Users\DELL\Documents\4IIR IA COURS\deep learning\reco-cnn\extracted_plates\plate_crops\Cars319_plate.png,IIFHLLIUU,,0
Cars320,c:\Users\DELL\Documents\4IIR IA COURS\deep learning\reco-cnn\extracted_plates\plate_crops\Cars320_plate.png,HHHHHI,,0
Cars322,c:\Users\DELL\Documents\4IIR IA COURS\deep learning\reco-cnn\extracted_plates\plate_crops\Cars322_plate.png,TUUU,,0
Cars323,c:\Users\DELL\Documents\4IIR IA COURS\deep learning\reco-cnn\extracted_plates\plate_crops\Cars323_plate.png,TN5EFE57E,,0
Cars324,c:\Users\DELL\Documents\4IIR IA COURS\deep learning\reco-cnn\extracted_plates\plate_crops\Cars324_plate.png,IHIHLHF,,0
Cars326,c:\Users\DELL\Documents\4IIR IA COURS\deep learning\reco-cnn\extracted_plates\plate_crops\Cars326_plate.png,IULHUAMH5U,,0
Cars327,c:\Users\DELL\Documents\4IIR IA COURS\deep learning\reco-cnn\extracted_plates\plate_crops\Cars327_plate.png,HLPUUMNLL2H,,0
Cars328,c:\Users\DELL\Documents\4IIR IA COURS\deep learning\reco-cnn\extracted_plates\plate_crops\Cars328_plate.png,,,0
Cars329,c:\Users\DELL\Documents\4IIR IA COURS\deep learning\reco-cnn\extracted_plates\plate_crops\Cars329_plate.png,LUI,,0
Cars33,c:\Users\DELL\Documents\4IIR IA COURS\deep learning\reco-cnn\extracted_plates\plate_crops\Cars33_plate.png,UIIHEHIIUI,,0
Cars331,c:\Users\DELL\Documents\4IIR IA COURS\deep learning\reco-cnn\extracted_plates\plate_crops\Cars331_plate.png,,,0
Cars332,c:\Users\DELL\Documents\4IIR IA COURS\deep learning\reco-cnn\extracted_plates\plate_crops\Cars332_plate.png,IUZITIHH,,0
Cars333,c:\Users\DELL\Documents\4IIR IA COURS\deep learning\reco-cnn\extracted_plates\plate_crops\Cars333_plate.png,HMHLUEUUHHHH,,0
Cars334,c:\Users\DELL\Documents\4IIR IA COURS\deep learning\reco-cnn\extracted_plates\plate_crops\Cars334_plate.png,EHDLH,,0
Cars335,c:\Users\DELL\Documents\4IIR IA COURS\deep learning\reco-cnn\extracted_plates\plate_crops\Cars335_plate.png,,,0
Cars336,c:\Users\DELL\Documents\4IIR IA COURS\deep learning\reco-cnn\extracted_plates\plate_crops\Cars336_plate.png,ULBUA4H5U,,0
Cars339,c:\Users\DELL\Documents\4IIR IA COURS\deep learning\reco-cnn\extracted_plates\plate_crops\Cars339_plate.png,,,0
Cars34,c:\Users\DELL\Documents\4IIR IA COURS\deep learning\reco-cnn\extracted_plates\plate_crops\Cars34_plate.png,IIULTUNEU1T,,0
Cars341,c:\Users\DELL\Documents\4IIR IA COURS\deep learning\reco-cnn\extracted_plates\plate_crops\Cars341_plate.png,HHM,,0
Cars342,c:\Users\DELL\Documents\4IIR IA COURS\deep learning\reco-cnn\extracted_plates\plate_crops\Cars342_plate.png,MANISH,,0
Cars343,c:\Users\DELL\Documents\4IIR IA COURS\deep learning\reco-cnn\extracted_plates\plate_crops\Cars343_plate.png,,,0
Cars344,c:\Users\DELL\Documents\4IIR IA COURS\deep learning\reco-cnn\extracted_plates\plate_crops\Cars344_plate.png,IUUUULL,,0
Cars345,c:\Users\DELL\Documents\4IIR IA COURS\deep learning\reco-cnn\extracted_plates\plate_crops\Cars345_plate.png,HL,,0
Cars346,c:\Users\DELL\Documents\4IIR IA COURS\deep learning\reco-cnn\extracted_plates\plate_crops\Cars346_plate.png,,,0
Cars348,c:\Users\DELL\Documents\4IIR IA COURS\deep learning\reco-cnn\extracted_plates\plate_crops\Cars348_plate.png,II1NI00II,,0
Cars349,c:\Users\DELL\Documents\4IIR IA COURS\deep learning\reco-cnn\extracted_plates\plate_crops\Cars349_plate.png,IHUEEHUU,,0
Cars351,c:\Users\DELL\Documents\4IIR IA COURS\deep learning\reco-cnn\extracted_plates\plate_crops\Cars351_plate.png,E,,0
Cars353,c:\Users\DELL\Documents\4IIR IA COURS\deep learning\reco-cnn\extracted_plates\plate_crops\Cars353_plate.png,,,0
Cars355,c:\Users\DELL\Documents\4IIR IA COURS\deep learning\reco-cnn\extracted_plates\plate_crops\Cars355_plate.png,,,0
Cars356,c:\Users\DELL\Documents\4IIR IA COURS\deep learning\reco-cnn\extracted_plates\plate_crops\Cars356_plate.png,DUT2,,0
Cars36,c:\Users\DELL\Documents\4IIR IA COURS\deep learning\reco-cnn\extracted_plates\plate_crops\Cars36_plate.png,HDLIPHI,,0
Cars361,c:\Users\DELL\Documents\4IIR IA COURS\deep learning\reco-cnn\extracted_plates\plate_crops\Cars361_plate.png,MDHHLHII,,0
Cars363,c:\Users\DELL\Documents\4IIR IA COURS\deep learning\reco-cnn\extracted_plates\plate_crops\Cars363_plate.png,HHIHJ,,0
Cars364,c:\Users\DELL\Documents\4IIR IA COURS\deep learning\reco-cnn\extracted_plates\plate_crops\Cars364_plate.png,LNLNMNMM,,0
Cars365,c:\Users\DELL\Documents\4IIR IA COURS\deep learning\reco-cnn\extracted_plates\plate_crops\Cars365_plate.png,,,0
Cars366,c:\Users\DELL\Documents\4IIR IA COURS\deep learning\reco-cnn\extracted_plates\plate_crops\Cars366_plate.png,,,0
Cars367,c:\Users\DELL\Documents\4IIR IA COURS\deep learning\reco-cnn\extracted_plates\plate_crops\Cars367_plate.png,IUUUULL,,0
Cars369,c:\Users\DELL\Documents\4IIR IA COURS\deep learning\reco-cnn\extracted_plates\plate_crops\Cars369_plate.png,M5LKMUHUB,,0
Cars37,c:\Users\DELL\Documents\4IIR IA COURS\deep learning\reco-cnn\extracted_plates\plate_crops\Cars37_plate.png,IFHUT,,0
Cars370,c:\Users\DELL\Documents\4IIR IA COURS\deep learning\reco-cnn\extracted_plates\plate_crops\Cars370_plate.png,CHUNHNUUUH,,0
Cars372,c:\Users\DELL\Documents\4IIR IA COURS\deep learning\reco-cnn\extracted_plates\plate_crops\Cars372_plate.png,HN2ETE14U5I,,0
Cars373,c:\Users\DELL\Documents\4IIR IA COURS\deep learning\reco-cnn\extracted_plates\plate_crops\Cars373_plate.png,HMHIHHHH,,0
Cars374,c:\Users\DELL\Documents\4IIR IA COURS\deep learning\reco-cnn\extracted_plates\plate_crops\Cars374_plate.png,5TUUHH,,0
Cars375,c:\Users\DELL\Documents\4IIR IA COURS\deep learning\reco-cnn\extracted_plates\plate_crops\Cars375_plate.png,HZW,,0
Cars376,c:\Users\DELL\Documents\4IIR IA COURS\deep learning\reco-cnn\extracted_plates\plate_crops\Cars376_plate.png,,,0
Cars378,c:\Users\DELL\Documents\4IIR IA COURS\deep learning\reco-cnn\extracted_plates\plate_crops\Cars378_plate.png,UL,,0
Cars379,c:\Users\DELL\Documents\4IIR IA COURS\deep learning\reco-cnn\extracted_plates\plate_crops\Cars379_plate.png,IIMMN40140I,,0
Cars38,c:\Users\DELL\Documents\4IIR IA COURS\deep learning\reco-cnn\extracted_plates\plate_crops\Cars38_plate.png,UHHHHHH,,0
Cars381,c:\Users\DELL\Documents\4IIR IA COURS\deep learning\reco-cnn\extracted_plates\plate_crops\Cars381_plate.png,HLU005UJ,,0
Cars382,c:\Users\DELL\Documents\4IIR IA COURS\deep learning\reco-cnn\extracted_plates\plate_crops\Cars382_plate.png,EHHIH,,0
Cars384,c:\Users\DELL\Documents\4IIR IA COURS\deep learning\reco-cnn\extracted_plates\plate_crops\Cars384_plate.png,LUMMUU,,0
Cars385,c:\Users\DELL\Documents\4IIR IA COURS\deep learning\reco-cnn\extracted_plates\plate_crops\Cars385_plate.png,MI,,0
Cars386,c:\Users\DELL\Documents\4IIR IA COURS\deep learning\reco-cnn\extracted_plates\plate_crops\Cars386_plate.png,IHHHHUU7,,0
Cars387,c:\Users\DELL\Documents\4IIR IA COURS\deep learning\reco-cnn\extracted_plates\plate_crops\Cars387_plate.png,IUI,,0
Cars388,c:\Users\DELL\Documents\4IIR IA COURS\deep learning\reco-cnn\extracted_plates\plate_crops\Cars388_plate.png,IHLL,,0
Cars389,c:\Users\DELL\Documents\4IIR IA COURS\deep learning\reco-cnn\extracted_plates\plate_crops\Cars389_plate.png,AHUHUU7,,0
Cars39,c:\Users\DELL\Documents\4IIR IA COURS\deep learning\reco-cnn\extracted_plates\plate_crops\Cars39_plate.png,HHH15DD0077,,0
Cars392,c:\Users\DELL\Documents\4IIR IA COURS\deep learning\reco-cnn\extracted_plates\plate_crops\Cars392_plate.png,ULIHHUU,,0
Cars393,c:\Users\DELL\Documents\4IIR IA COURS\deep learning\reco-cnn\extracted_plates\plate_crops\Cars393_plate.png,M77IZ7U,,0
Cars394,c:\Users\DELL\Documents\4IIR IA COURS\deep learning\reco-cnn\extracted_plates\plate_crops\Cars394_plate.png,HHHIRHHIHH,,0
Cars396,c:\Users\DELL\Documents\4IIR IA COURS\deep learning\reco-cnn\extracted_plates\plate_crops\Cars396_plate.png,HH,,0
Cars397,c:\Users\DELL\Documents\4IIR IA COURS\deep learning\reco-cnn\extracted_plates\plate_crops\Cars397_plate.png,HHH,,0
Cars398,c:\Users\DELL\Documents\4IIR IA COURS\deep learning\reco-cnn\extracted_plates\plate_crops\Cars398_plate.png,MIHNH,,0
Cars399,c:\Users\DELL\Documents\4IIR IA COURS\deep learning\reco-cnn\extracted_plates\plate_crops\Cars399_plate.png,UIIHHHIIUI,,0
Cars4,c:\Users\DELL\Documents\4IIR IA COURS\deep learning\reco-cnn\extracted_plates\plate_crops\Cars4_plate.png,FIIIFO,,0
Cars40,c:\Users\DELL\Documents\4IIR IA COURS\deep learning\reco-cnn\extracted_plates\plate_crops\Cars40_plate.png,MFUI23ZH,,0
Cars401,c:\Users\DELL\Documents\4IIR IA COURS\deep learning\reco-cnn\extracted_plates\plate_crops\Cars401_plate.png,E,,0
Cars402,c:\Users\DELL\Documents\4IIR IA COURS\deep learning\reco-cnn\extracted_plates\plate_crops\Cars402_plate.png,TUUUH,,0
Cars404,c:\Users\DELL\Documents\4IIR IA COURS\deep learning\reco-cnn\extracted_plates\plate_crops\Cars404_plate.png,,,0
Cars405,c:\Users\DELL\Documents\4IIR IA COURS\deep learning\reco-cnn\extracted_plates\plate_crops\Cars405_plate.png,,,0
Cars406,c:\Users\DELL\Documents\4IIR IA COURS\deep learning\reco-cnn\extracted_plates\plate_crops\Cars406_plate.png,ILDH,,0
Cars409,c:\Users\DELL\Documents\4IIR IA COURS\deep learning\reco-cnn\extracted_plates\plate_crops\Cars409_plate.png,HK9WHE,,0
Cars410,c:\Users\DELL\Documents\4IIR IA COURS\deep learning\reco-cnn\extracted_plates\plate_crops\Cars410_plate.png,IEHHPUUP,,0
Cars411,c:\Users\DELL\Documents\4IIR IA COURS\deep learning\reco-cnn\extracted_plates\plate_crops\Cars411_plate.png,MUIPER,,0
Cars412,c:\Users\DELL\Documents\4IIR IA COURS\deep learning\reco-cnn\extracted_plates\plate_crops\Cars412_plate.png,HULH33TEE,,0
Cars415,c:\Users\DELL\Documents\4IIR IA COURS\deep learning\reco-cnn\extracted_plates\plate_crops\Cars415_plate.png,,,0
Cars417,c:\Users\DELL\Documents\4IIR IA COURS\deep learning\reco-cnn\extracted_plates\plate_crops\Cars417_plate.png,IDHUZZM,,0
Cars418,c:\Users\DELL\Documents\4IIR IA COURS\deep learning\reco-cnn\extracted_plates\plate_crops\Cars418_plate.png,UIIHHHIIUI,,0
Cars419,c:\Users\DELL\Documents\4IIR IA COURS\deep learning\reco-cnn\extracted_plates\plate_crops\Cars419_plate.png,IMMN40140I,,0
Cars422,c:\Users\DELL\Documents\4IIR IA COURS\deep learning\reco-cnn\extracted_plates\plate_crops\Cars422_plate.png,HMMMMMFWMM,,0
Cars423,c:\Users\DELL\Documents\4IIR IA COURS\deep learning\reco-cnn\extracted_plates\plate_crops\Cars423_plate.png,HHHH,,0
Cars424,c:\Users\DELL\Documents\4IIR IA COURS\deep learning\reco-cnn\extracted_plates\plate_crops\Cars424_plate.png,,,0
Cars425,c:\Users\DELL\Documents\4IIR IA COURS\deep learning\reco-cnn\extracted_plates\plate_crops\Cars425_plate.png,HE2EJHU,,0
Cars426,c:\Users\DELL\Documents\4IIR IA COURS\deep learning\reco-cnn\extracted_plates\plate_crops\Cars426_plate.png,EHHIH,,0
Cars427,c:\Users\DELL\Documents\4IIR IA COURS\deep learning\reco-cnn\extracted_plates\plate_crops\Cars427_plate.png,I0IT0II0000I,,0
Cars428,c:\Users\DELL\Documents\4IIR IA COURS\deep learning\reco-cnn\extracted_plates\plate_crops\Cars428_plate.png,IUZITIHH,,0
Cars429,c:\Users\DELL\Documents\4IIR IA COURS\deep learning\reco-cnn\extracted_plates\plate_crops\Cars429_plate.png,HHIEEHI,,0
Cars43,c:\Users\DELL\Documents\4IIR IA COURS\deep learning\reco-cnn\extracted_plates\plate_crops\Cars43_plate.png,HT,,0
Cars430,c:\Users\DELL\Documents\4IIR IA COURS\deep learning\reco-cnn\extracted_plates\plate_crops\Cars430_plate.png,IHUHHHH,,0
Cars431,c:\Users\DELL\Documents\4IIR IA COURS\deep learning\reco-cnn\extracted_plates\plate_crops\Cars431_plate.png,H0,,0
Cars432,c:\Users\DELL\Documents\4IIR IA COURS\deep learning\reco-cnn\extracted_plates\plate_crops\Cars432_plate.png,DL49AK4H,,0
Cars44,c:\Users\DELL\Documents\4IIR IA COURS\deep learning\reco-cnn\extracted_plates\plate_crops\Cars44_plate.png,IHUL4UHUUHUH,,0
Cars45,c:\Users\DELL\Documents\4IIR IA COURS\deep learning\reco-cnn\extracted_plates\plate_crops\Cars45_plate.png,E,,0
Cars46,c:\Users\DELL\Documents\4IIR IA COURS\deep learning\reco-cnn\extracted_plates\plate_crops\Cars46_plate.png,IMNM0100I,,0
Cars48,c:\Users\DELL\Documents\4IIR IA COURS\deep learning\reco-cnn\extracted_plates\plate_crops\Cars48_plate.png,HLHHHE,,0
Cars50,c:\Users\DELL\Documents\4IIR IA COURS\deep learning\reco-cnn\extracted_plates\plate_crops\Cars50_plate.png,PUIH,,0
Cars51,c:\Users\DELL\Documents\4IIR IA COURS\deep learning\reco-cnn\extracted_plates\plate_crops\Cars51_plate.png,,,0
Cars52,c:\Users\DELL\Documents\4IIR IA COURS\deep learning\reco-cnn\extracted_plates\plate_crops\Cars52_plate.png,LHH15D00077,,0
Cars53,c:\Users\DELL\Documents\4IIR IA COURS\deep learning\reco-cnn\extracted_plates\plate_crops\Cars53_plate.png,,,0
Cars54,c:\Users\DELL\Documents\4IIR IA COURS\deep learning\reco-cnn\extracted_plates\plate_crops\Cars54_plate.png,LTIIJTU,,0
Cars55,c:\Users\DELL\Documents\4IIR IA COURS\deep learning\reco-cnn\extracted_plates\plate_crops\Cars55_plate.png,HHHHE,,0
Cars56,c:\Users\DELL\Documents\4IIR IA COURS\deep learning\reco-cnn\extracted_plates\plate_crops\Cars56_plate.png,0,,0
Cars58,c:\Users\DELL\Documents\4IIR IA COURS\deep learning\reco-cnn\extracted_plates\plate_crops\Cars58_plate.png,HIMTH,,0
Cars6,c:\Users\DELL\Documents\4IIR IA COURS\deep learning\reco-cnn\extracted_plates\plate_crops\Cars6_plate.png,,,0
Cars60,c:\Users\DELL\Documents\4IIR IA COURS\deep learning\reco-cnn\extracted_plates\plate_crops\Cars60_plate.png,UOUUZHN,,0
Cars61,c:\Users\DELL\Documents\4IIR IA COURS\deep learning\reco-cnn\extracted_plates\plate_crops\Cars61_plate.png,Z,,0
Cars62,c:\Users\DELL\Documents\4IIR IA COURS\deep learning\reco-cnn\extracted_plates\plate_crops\Cars62_plate.png,IUE,,0
Cars64,c:\Users\DELL\Documents\4IIR IA COURS\deep learning\reco-cnn\extracted_plates\plate_crops\Cars64_plate.png,THHH,,0
Cars65,c:\Users\DELL\Documents\4IIR IA COURS\deep learning\reco-cnn\extracted_plates\plate_crops\Cars65_plate.png,UHINHIE,,0
Cars66,c:\Users\DELL\Documents\4IIR IA COURS\deep learning\reco-cnn\extracted_plates\plate_crops\Cars66_plate.png,HHHE,,0
Cars67,c:\Users\DELL\Documents\4IIR IA COURS\deep learning\reco-cnn\extracted_plates\plate_crops\Cars67_plate.png,HMMHMWH,,0
Cars68,c:\Users\DELL\Documents\4IIR IA COURS\deep learning\reco-cnn\extracted_plates\plate_crops\Cars68_plate.png,HN0MLINH,,0
Cars72,c:\Users\DELL\Documents\4IIR IA COURS\deep learning\reco-cnn\extracted_plates\plate_crops\Cars72_plate.png,IULTUN5U1T,,0
Cars73,c:\Users\DELL\Documents\4IIR IA COURS\deep learning\reco-cnn\extracted_plates\plate_crops\Cars73_plate.png,,,0
Cars74,c:\Users\DELL\Documents\4IIR IA COURS\deep learning\reco-cnn\extracted_plates\plate_crops\Cars74_plate.png,HLZITKUUI,,0
Cars76,c:\Users\DELL\Documents\4IIR IA COURS\deep learning\reco-cnn\extracted_plates\plate_crops\Cars76_plate.png,IHNKSI,,0
Cars77,c:\Users\DELL\Documents\4IIR IA COURS\deep learning\reco-cnn\extracted_plates\plate_crops\Cars77_plate.png,IW4UUUMUUH,,0
Cars78,c:\Users\DELL\Documents\4IIR IA COURS\deep learning\reco-cnn\extracted_plates\plate_crops\Cars78_plate.png,KL5HA26TU,,0
Cars79,c:\Users\DELL\Documents\4IIR IA COURS\deep learning\reco-cnn\extracted_plates\plate_crops\Cars79_plate.png,ILULNUHLI,,0
Cars8,c:\Users\DELL\Documents\4IIR IA COURS\deep learning\reco-cnn\extracted_plates\plate_crops\Cars8_plate.png,EE2EJHU,,0
Cars80,c:\Users\DELL\Documents\4IIR IA COURS\deep learning\reco-cnn\extracted_plates\plate_crops\Cars80_plate.png,IBHUZ51I,,0
Cars82,c:\Users\DELL\Documents\4IIR IA COURS\deep learning\reco-cnn\extracted_plates\plate_crops\Cars82_plate.png,UI,,0
Cars83,c:\Users\DELL\Documents\4IIR IA COURS\deep learning\reco-cnn\extracted_plates\plate_crops\Cars83_plate.png,H,,0
Cars84,c:\Users\DELL\Documents\4IIR IA COURS\deep learning\reco-cnn\extracted_plates\plate_crops\Cars84_plate.png,,,0
Cars85,c:\Users\DELL\Documents\4IIR IA COURS\deep learning\reco-cnn\extracted_plates\plate_crops\Cars85_plate.png,HUUHHUUU,,0
Cars86,c:\Users\DELL\Documents\4IIR IA COURS\deep learning\reco-cnn\extracted_plates\plate_crops\Cars86_plate.png,MHILDN000T,,0
Cars88,c:\Users\DELL\Documents\4IIR IA COURS\deep learning\reco-cnn\extracted_plates\plate_crops\Cars88_plate.png,I,,0
Cars9,c:\Users\DELL\Documents\4IIR IA COURS\deep learning\reco-cnn\extracted_plates\plate_crops\Cars9_plate.png,HHUIHHHHBB,,0
Cars92,c:\Users\DELL\Documents\4IIR IA COURS\deep learning\reco-cnn\extracted_plates\plate_crops\Cars92_plate.png,IHINMMMM,,0
Cars94,c:\Users\DELL\Documents\4IIR IA COURS\deep learning\reco-cnn\extracted_plates\plate_crops\Cars94_plate.png,LIEIUND,,0
Cars95,c:\Users\DELL\Documents\4IIR IA COURS\deep learning\reco-cnn\extracted_plates\plate_crops\Cars95_plate.png,IHHNLMMM,,0
Cars96,c:\Users\DELL\Documents\4IIR IA COURS\deep learning\reco-cnn\extracted_plates\plate_crops\Cars96_plate.png,PUUMNLL2IH,,0
Cars97,c:\Users\DELL\Documents\4IIR IA COURS\deep learning\reco-cnn\extracted_plates\plate_crops\Cars97_plate.png,IKHUEIIHMH,,0
Cars98,c:\Users\DELL\Documents\4IIR IA COURS\deep learning\reco-cnn\extracted_plates\plate_crops\Cars98_plate.png,III0NNI,,0
Cars99,c:\Users\DELL\Documents\4IIR IA COURS\deep learning\reco-cnn\extracted_plates\plate_crops\Cars99_plate.png,HUI,,0
