id,source_image,crop_path,bbox_width,bbox_height,crop_width,crop_height
Cars0,c:\Users\DELL\Documents\4IIR IA COURS\deep learning\reco-cnn\data\raw\images\Cars0.png,c:\Users\DELL\Documents\4IIR IA COURS\deep learning\reco-cnn\extracted_plates\plate_crops\Cars0_plate.png,193,48,223,62
Cars1,c:\Users\DELL\Documents\4IIR IA COURS\deep learning\reco-cnn\data\raw\images\Cars1.png,c:\Users\DELL\Documents\4IIR IA COURS\deep learning\reco-cnn\extracted_plates\plate_crops\Cars1_plate.png,128,32,148,40
Cars10,c:\Users\DELL\Documents\4IIR IA COURS\deep learning\reco-cnn\data\raw\images\Cars10.png,c:\Users\DELL\Documents\4IIR IA COURS\deep learning\reco-cnn\extracted_plates\plate_crops\Cars10_plate.png,163,143,189,169
Cars100,c:\Users\DELL\Documents\4IIR IA COURS\deep learning\reco-cnn\data\raw\images\Cars100.png,c:\Users\DELL\Documents\4IIR IA COURS\deep learning\reco-cnn\extracted_plates\plate_crops\Cars100_plate.png,39,17,45,21
Cars101,c:\Users\DELL\Documents\4IIR IA COURS\deep learning\reco-cnn\data\raw\images\Cars101.png,c:\Users\DELL\Documents\4IIR IA COURS\deep learning\reco-cnn\extracted_plates\plate_crops\Cars101_plate.png,73,18,83,22
Cars102,c:\Users\DELL\Documents\4IIR IA COURS\deep learning\reco-cnn\data\raw\images\Cars102.png,c:\Users\DELL\Documents\4IIR IA COURS\deep learning\reco-cnn\extracted_plates\plate_crops\Cars102_plate.png,256,52,296,66
Cars103,c:\Users\DELL\Documents\4IIR IA COURS\deep learning\reco-cnn\data\raw\images\Cars103.png,c:\Users\DELL\Documents\4IIR IA COURS\deep learning\reco-cnn\extracted_plates\plate_crops\Cars103_plate.png,18,5,22,9
Cars104,c:\Users\DELL\Documents\4IIR IA COURS\deep learning\reco-cnn\data\raw\images\Cars104.png,c:\Users\DELL\Documents\4IIR IA COURS\deep learning\reco-cnn\extracted_plates\plate_crops\Cars104_plate.png,49,16,55,20
Cars105,c:\Users\DELL\Documents\4IIR IA COURS\deep learning\reco-cnn\data\raw\images\Cars105.png,c:\Users\DELL\Documents\4IIR IA COURS\deep learning\reco-cnn\extracted_plates\plate_crops\Cars105_plate.png,54,12,62,16
Cars106,c:\Users\DELL\Documents\4IIR IA COURS\deep learning\reco-cnn\data\raw\images\Cars106.png,c:\Users\DELL\Documents\4IIR IA COURS\deep learning\reco-cnn\extracted_plates\plate_crops\Cars106_plate.png,39,13,45,17
Cars107,c:\Users\DELL\Documents\4IIR IA COURS\deep learning\reco-cnn\data\raw\images\Cars107.png,c:\Users\DELL\Documents\4IIR IA COURS\deep learning\reco-cnn\extracted_plates\plate_crops\Cars107_plate.png,170,51,196,65
Cars108,c:\Users\DELL\Documents\4IIR IA COURS\deep learning\reco-cnn\data\raw\images\Cars108.png,c:\Users\DELL\Documents\4IIR IA COURS\deep learning\reco-cnn\extracted_plates\plate_crops\Cars108_plate.png,119,32,137,40
Cars109,c:\Users\DELL\Documents\4IIR IA COURS\deep learning\reco-cnn\data\raw\images\Cars109.png,c:\Users\DELL\Documents\4IIR IA COURS\deep learning\reco-cnn\extracted_plates\plate_crops\Cars109_plate.png,163,37,189,47
Cars11,c:\Users\DELL\Documents\4IIR IA COURS\deep learning\reco-cnn\data\raw\images\Cars11.png,c:\Users\DELL\Documents\4IIR IA COURS\deep learning\reco-cnn\extracted_plates\plate_crops\Cars11_plate.png,142,28,164,36
Cars110,c:\Users\DELL\Documents\4IIR IA COURS\deep learning\reco-cnn\data\raw\images\Cars110.png,c:\Users\DELL\Documents\4IIR IA COURS\deep learning\reco-cnn\extracted_plates\plate_crops\Cars110_plate.png,42,26,48,32
Cars111,c:\Users\DELL\Documents\4IIR IA COURS\deep learning\reco-cnn\data\raw\images\Cars111.png,c:\Users\DELL\Documents\4IIR IA COURS\deep learning\reco-cnn\extracted_plates\plate_crops\Cars111_plate.png,159,39,183,49
Cars112,c:\Users\DELL\Documents\4IIR IA COURS\deep learning\reco-cnn\data\raw\images\Cars112.png,c:\Users\DELL\Documents\4IIR IA COURS\deep learning\reco-cnn\extracted_plates\plate_crops\Cars112_plate.png,115,56,133,72
Cars113,c:\Users\DELL\Documents\4IIR IA COURS\deep learning\reco-cnn\data\raw\images\Cars113.png,c:\Users\DELL\Documents\4IIR IA COURS\deep learning\reco-cnn\extracted_plates\plate_crops\Cars113_plate.png,155,67,179,87
Cars114,c:\Users\DELL\Documents\4IIR IA COURS\deep learning\reco-cnn\data\raw\images\Cars114.png,c:\Users\DELL\Documents\4IIR IA COURS\deep learning\reco-cnn\extracted_plates\plate_crops\Cars114_plate.png,486,240,500,292
Cars115,c:\Users\DELL\Documents\4IIR IA COURS\deep learning\reco-cnn\data\raw\images\Cars115.png,c:\Users\DELL\Documents\4IIR IA COURS\deep learning\reco-cnn\extracted_plates\plate_crops\Cars115_plate.png,92,24,106,30
Cars116,c:\Users\DELL\Documents\4IIR IA COURS\deep learning\reco-cnn\data\raw\images\Cars116.png,c:\Users\DELL\Documents\4IIR IA COURS\deep learning\reco-cnn\extracted_plates\plate_crops\Cars116_plate.png,118,29,136,37
Cars117,c:\Users\DELL\Documents\4IIR IA COURS\deep learning\reco-cnn\data\raw\images\Cars117.png,c:\Users\DELL\Documents\4IIR IA COURS\deep learning\reco-cnn\extracted_plates\plate_crops\Cars117_plate.png,44,11,50,15
Cars118,c:\Users\DELL\Documents\4IIR IA COURS\deep learning\reco-cnn\data\raw\images\Cars118.png,c:\Users\DELL\Documents\4IIR IA COURS\deep learning\reco-cnn\extracted_plates\plate_crops\Cars118_plate.png,201,52,233,66
Cars119,c:\Users\DELL\Documents\4IIR IA COURS\deep learning\reco-cnn\data\raw\images\Cars119.png,c:\Users\DELL\Documents\4IIR IA COURS\deep learning\reco-cnn\extracted_plates\plate_crops\Cars119_plate.png,30,13,34,17
Cars12,c:\Users\DELL\Documents\4IIR IA COURS\deep learning\reco-cnn\data\raw\images\Cars12.png,c:\Users\DELL\Documents\4IIR IA COURS\deep learning\reco-cnn\extracted_plates\plate_crops\Cars12_plate.png,155,35,179,45
Cars120,c:\Users\DELL\Documents\4IIR IA COURS\deep learning\reco-cnn\data\raw\images\Cars120.png,c:\Users\DELL\Documents\4IIR IA COURS\deep learning\reco-cnn\extracted_plates\plate_crops\Cars120_plate.png,91,22,105,28
Cars121,c:\Users\DELL\Documents\4IIR IA COURS\deep learning\reco-cnn\data\raw\images\Cars121.png,c:\Users\DELL\Documents\4IIR IA COURS\deep learning\reco-cnn\extracted_plates\plate_crops\Cars121_plate.png,21,12,25,16
Cars122,c:\Users\DELL\Documents\4IIR IA COURS\deep learning\reco-cnn\data\raw\images\Cars122.png,c:\Users\DELL\Documents\4IIR IA COURS\deep learning\reco-cnn\extracted_plates\plate_crops\Cars122_plate.png,59,22,67,28
Cars123,c:\Users\DELL\Documents\4IIR IA COURS\deep learning\reco-cnn\data\raw\images\Cars123.png,c:\Users\DELL\Documents\4IIR IA COURS\deep learning\reco-cnn\extracted_plates\plate_crops\Cars123_plate.png,78,21,90,27
Cars124,c:\Users\DELL\Documents\4IIR IA COURS\deep learning\reco-cnn\data\raw\images\Cars124.png,c:\Users\DELL\Documents\4IIR IA COURS\deep learning\reco-cnn\extracted_plates\plate_crops\Cars124_plate.png,15,11,19,13
Cars125,c:\Users\DELL\Documents\4IIR IA COURS\deep learning\reco-cnn\data\raw\images\Cars125.png,c:\Users\DELL\Documents\4IIR IA COURS\deep learning\reco-cnn\extracted_plates\plate_crops\Cars125_plate.png,75,61,87,73
Cars126,c:\Users\DELL\Documents\4IIR IA COURS\deep learning\reco-cnn\data\raw\images\Cars126.png,c:\Users\DELL\Documents\4IIR IA COURS\deep learning\reco-cnn\extracted_plates\plate_crops\Cars126_plate.png,190,102,220,132
Cars127,c:\Users\DELL\Documents\4IIR IA COURS\deep learning\reco-cnn\data\raw\images\Cars127.png,c:\Users\DELL\Documents\4IIR IA COURS\deep learning\reco-cnn\extracted_plates\plate_crops\Cars127_plate.png,23,15,27,19
Cars128,c:\Users\DELL\Documents\4IIR IA COURS\deep learning\reco-cnn\data\raw\images\Cars128.png,c:\Users\DELL\Documents\4IIR IA COURS\deep learning\reco-cnn\extracted_plates\plate_crops\Cars128_plate.png,194,108,224,140
Cars129,c:\Users\DELL\Documents\4IIR IA COURS\deep learning\reco-cnn\data\raw\images\Cars129.png,c:\Users\DELL\Documents\4IIR IA COURS\deep learning\reco-cnn\extracted_plates\plate_crops\Cars129_plate.png,78,54,90,70
Cars13,c:\Users\DELL\Documents\4IIR IA COURS\deep learning\reco-cnn\data\raw\images\Cars13.png,c:\Users\DELL\Documents\4IIR IA COURS\deep learning\reco-cnn\extracted_plates\plate_crops\Cars13_plate.png,51,22,59,28
Cars130,c:\Users\DELL\Documents\4IIR IA COURS\deep learning\reco-cnn\data\raw\images\Cars130.png,c:\Users\DELL\Documents\4IIR IA COURS\deep learning\reco-cnn\extracted_plates\plate_crops\Cars130_plate.png,75,30,87,38
Cars131,c:\Users\DELL\Documents\4IIR IA COURS\deep learning\reco-cnn\data\raw\images\Cars131.png,c:\Users\DELL\Documents\4IIR IA COURS\deep learning\reco-cnn\extracted_plates\plate_crops\Cars131_plate.png,478,216,500,277
Cars132,c:\Users\DELL\Documents\4IIR IA COURS\deep learning\reco-cnn\data\raw\images\Cars132.png,c:\Users\DELL\Documents\4IIR IA COURS\deep learning\reco-cnn\extracted_plates\plate_crops\Cars132_plate.png,33,8,37,12
Cars133,c:\Users\DELL\Documents\4IIR IA COURS\deep learning\reco-cnn\data\raw\images\Cars133.png,c:\Users\DELL\Documents\4IIR IA COURS\deep learning\reco-cnn\extracted_plates\plate_crops\Cars133_plate.png,128,38,148,48
Cars134,c:\Users\DELL\Documents\4IIR IA COURS\deep learning\reco-cnn\data\raw\images\Cars134.png,c:\Users\DELL\Documents\4IIR IA COURS\deep learning\reco-cnn\extracted_plates\plate_crops\Cars134_plate.png,57,23,65,29
Cars135,c:\Users\DELL\Documents\4IIR IA COURS\deep learning\reco-cnn\data\raw\images\Cars135.png,c:\Users\DELL\Documents\4IIR IA COURS\deep learning\reco-cnn\extracted_plates\plate_crops\Cars135_plate.png,59,27,67,35
Cars136,c:\Users\DELL\Documents\4IIR IA COURS\deep learning\reco-cnn\data\raw\images\Cars136.png,c:\Users\DELL\Documents\4IIR IA COURS\deep learning\reco-cnn\extracted_plates\plate_crops\Cars136_plate.png,81,15,93,19
Cars137,c:\Users\DELL\Documents\4IIR IA COURS\deep learning\reco-cnn\data\raw\images\Cars137.png,c:\Users\DELL\Documents\4IIR IA COURS\deep learning\reco-cnn\extracted_plates\plate_crops\Cars137_plate.png,26,10,30,14
Cars138,c:\Users\DELL\Documents\4IIR IA COURS\deep learning\reco-cnn\data\raw\images\Cars138.png,c:\Users\DELL\Documents\4IIR IA COURS\deep learning\reco-cnn\extracted_plates\plate_crops\Cars138_plate.png,101,44,117,56
Cars139,c:\Users\DELL\Documents\4IIR IA COURS\deep learning\reco-cnn\data\raw\images\Cars139.png,c:\Users\DELL\Documents\4IIR IA COURS\deep learning\reco-cnn\extracted_plates\plate_crops\Cars139_plate.png,22,8,26,12
Cars14,c:\Users\DELL\Documents\4IIR IA COURS\deep learning\reco-cnn\data\raw\images\Cars14.png,c:\Users\DELL\Documents\4IIR IA COURS\deep learning\reco-cnn\extracted_plates\plate_crops\Cars14_plate.png,180,45,208,57
Cars140,c:\Users\DELL\Documents\4IIR IA COURS\deep learning\reco-cnn\data\raw\images\Cars140.png,c:\Users\DELL\Documents\4IIR IA COURS\deep learning\reco-cnn\extracted_plates\plate_crops\Cars140_plate.png,141,47,163,58
Cars141,c:\Users\DELL\Documents\4IIR IA COURS\deep learning\reco-cnn\data\raw\images\Cars141.png,c:\Users\DELL\Documents\4IIR IA COURS\deep learning\reco-cnn\extracted_plates\plate_crops\Cars141_plate.png,41,19,47,23
Cars142,c:\Users\DELL\Documents\4IIR IA COURS\deep learning\reco-cnn\data\raw\images\Cars142.png,c:\Users\DELL\Documents\4IIR IA COURS\deep learning\reco-cnn\extracted_plates\plate_crops\Cars142_plate.png,95,20,109,26
Cars143,c:\Users\DELL\Documents\4IIR IA COURS\deep learning\reco-cnn\data\raw\images\Cars143.png,c:\Users\DELL\Documents\4IIR IA COURS\deep learning\reco-cnn\extracted_plates\plate_crops\Cars143_plate.png,37,11,41,15
Cars144,c:\Users\DELL\Documents\4IIR IA COURS\deep learning\reco-cnn\data\raw\images\Cars144.png,c:\Users\DELL\Documents\4IIR IA COURS\deep learning\reco-cnn\extracted_plates\plate_crops\Cars144_plate.png,114,40,132,52
Cars145,c:\Users\DELL\Documents\4IIR IA COURS\deep learning\reco-cnn\data\raw\images\Cars145.png,c:\Users\DELL\Documents\4IIR IA COURS\deep learning\reco-cnn\extracted_plates\plate_crops\Cars145_plate.png,140,47,162,61
Cars146,c:\Users\DELL\Documents\4IIR IA COURS\deep learning\reco-cnn\data\raw\images\Cars146.png,c:\Users\DELL\Documents\4IIR IA COURS\deep learning\reco-cnn\extracted_plates\plate_crops\Cars146_plate.png,27,8,31,12
Cars147,c:\Users\DELL\Documents\4IIR IA COURS\deep learning\reco-cnn\data\raw\images\Cars147.png,c:\Users\DELL\Documents\4IIR IA COURS\deep learning\reco-cnn\extracted_plates\plate_crops\Cars147_plate.png,194,44,224,56
Cars148,c:\Users\DELL\Documents\4IIR IA COURS\deep learning\reco-cnn\data\raw\images\Cars148.png,c:\Users\DELL\Documents\4IIR IA COURS\deep learning\reco-cnn\extracted_plates\plate_crops\Cars148_plate.png,83,24,95,30
Cars149,c:\Users\DELL\Documents\4IIR IA COURS\deep learning\reco-cnn\data\raw\images\Cars149.png,c:\Users\DELL\Documents\4IIR IA COURS\deep learning\reco-cnn\extracted_plates\plate_crops\Cars149_plate.png,33,21,37,27
Cars15,c:\Users\DELL\Documents\4IIR IA COURS\deep learning\reco-cnn\data\raw\images\Cars15.png,c:\Users\DELL\Documents\4IIR IA COURS\deep learning\reco-cnn\extracted_plates\plate_crops\Cars15_plate.png,62,25,70,31
Cars150,c:\Users\DELL\Documents\4IIR IA COURS\deep learning\reco-cnn\data\raw\images\Cars150.png,c:\Users\DELL\Documents\4IIR IA COURS\deep learning\reco-cnn\extracted_plates\plate_crops\Cars150_plate.png,140,34,162,44
Cars151,c:\Users\DELL\Documents\4IIR IA COURS\deep learning\reco-cnn\data\raw\images\Cars151.png,c:\Users\DELL\Documents\4IIR IA COURS\deep learning\reco-cnn\extracted_plates\plate_crops\Cars151_plate.png,66,43,76,55
Cars152,c:\Users\DELL\Documents\4IIR IA COURS\deep learning\reco-cnn\data\raw\images\Cars152.png,c:\Users\DELL\Documents\4IIR IA COURS\deep learning\reco-cnn\extracted_plates\plate_crops\Cars152_plate.png,107,26,123,32
Cars153,c:\Users\DELL\Documents\4IIR IA COURS\deep learning\reco-cnn\data\raw\images\Cars153.png,c:\Users\DELL\Documents\4IIR IA COURS\deep learning\reco-cnn\extracted_plates\plate_crops\Cars153_plate.png,165,52,191,66
Cars154,c:\Users\DELL\Documents\4IIR IA COURS\deep learning\reco-cnn\data\raw\images\Cars154.png,c:\Users\DELL\Documents\4IIR IA COURS\deep learning\reco-cnn\extracted_plates\plate_crops\Cars154_plate.png,194,68,224,88
Cars155,c:\Users\DELL\Documents\4IIR IA COURS\deep learning\reco-cnn\data\raw\images\Cars155.png,c:\Users\DELL\Documents\4IIR IA COURS\deep learning\reco-cnn\extracted_plates\plate_crops\Cars155_plate.png,53,13,61,17
Cars156,c:\Users\DELL\Documents\4IIR IA COURS\deep learning\reco-cnn\data\raw\images\Cars156.png,c:\Users\DELL\Documents\4IIR IA COURS\deep learning\reco-cnn\extracted_plates\plate_crops\Cars156_plate.png,116,24,134,30
Cars157,c:\Users\DELL\Documents\4IIR IA COURS\deep learning\reco-cnn\data\raw\images\Cars157.png,c:\Users\DELL\Documents\4IIR IA COURS\deep learning\reco-cnn\extracted_plates\plate_crops\Cars157_plate.png,36,27,40,35
Cars158,c:\Users\DELL\Documents\4IIR IA COURS\deep learning\reco-cnn\data\raw\images\Cars158.png,c:\Users\DELL\Documents\4IIR IA COURS\deep learning\reco-cnn\extracted_plates\plate_crops\Cars158_plate.png,199,92,229,118
Cars159,c:\Users\DELL\Documents\4IIR IA COURS\deep learning\reco-cnn\data\raw\images\Cars159.png,c:\Users\DELL\Documents\4IIR IA COURS\deep learning\reco-cnn\extracted_plates\plate_crops\Cars159_plate.png,112,27,128,35
Cars16,c:\Users\DELL\Documents\4IIR IA COURS\deep learning\reco-cnn\data\raw\images\Cars16.png,c:\Users\DELL\Documents\4IIR IA COURS\deep learning\reco-cnn\extracted_plates\plate_crops\Cars16_plate.png,26,11,30,15
Cars160,c:\Users\DELL\Documents\4IIR IA COURS\deep learning\reco-cnn\data\raw\images\Cars160.png,c:\Users\DELL\Documents\4IIR IA COURS\deep learning\reco-cnn\extracted_plates\plate_crops\Cars160_plate.png,72,37,82,47
Cars161,c:\Users\DELL\Documents\4IIR IA COURS\deep learning\reco-cnn\data\raw\images\Cars161.png,c:\Users\DELL\Documents\4IIR IA COURS\deep learning\reco-cnn\extracted_plates\plate_crops\Cars161_plate.png,94,28,108,36
Cars162,c:\Users\DELL\Documents\4IIR IA COURS\deep learning\reco-cnn\data\raw\images\Cars162.png,c:\Users\DELL\Documents\4IIR IA COURS\deep learning\reco-cnn\extracted_plates\plate_crops\Cars162_plate.png,67,45,77,57
Cars163,c:\Users\DELL\Documents\4IIR IA COURS\deep learning\reco-cnn\data\raw\images\Cars163.png,c:\Users\DELL\Documents\4IIR IA COURS\deep learning\reco-cnn\extracted_plates\plate_crops\Cars163_plate.png,140,27,162,35
Cars164,c:\Users\DELL\Documents\4IIR IA COURS\deep learning\reco-cnn\data\raw\images\Cars164.png,c:\Users\DELL\Documents\4IIR IA COURS\deep learning\reco-cnn\extracted_plates\plate_crops\Cars164_plate.png,79,39,91,49
Cars165,c:\Users\DELL\Documents\4IIR IA COURS\deep learning\reco-cnn\data\raw\images\Cars165.png,c:\Users\DELL\Documents\4IIR IA COURS\deep learning\reco-cnn\extracted_plates\plate_crops\Cars165_plate.png,84,37,96,47
Cars166,c:\Users\DELL\Documents\4IIR IA COURS\deep learning\reco-cnn\data\raw\images\Cars166.png,c:\Users\DELL\Documents\4IIR IA COURS\deep learning\reco-cnn\extracted_plates\plate_crops\Cars166_plate.png,53,27,61,35
Cars167,c:\Users\DELL\Documents\4IIR IA COURS\deep learning\reco-cnn\data\raw\images\Cars167.png,c:\Users\DELL\Documents\4IIR IA COURS\deep learning\reco-cnn\extracted_plates\plate_crops\Cars167_plate.png,151,31,175,39
Cars168,c:\Users\DELL\Documents\4IIR IA COURS\deep learning\reco-cnn\data\raw\images\Cars168.png,c:\Users\DELL\Documents\4IIR IA COURS\deep learning\reco-cnn\extracted_plates\plate_crops\Cars168_plate.png,55,30,63,38
Cars169,c:\Users\DELL\Documents\4IIR IA COURS\deep learning\reco-cnn\data\raw\images\Cars169.png,c:\Users\DELL\Documents\4IIR IA COURS\deep learning\reco-cnn\extracted_plates\plate_crops\Cars169_plate.png,115,22,133,28
Cars17,c:\Users\DELL\Documents\4IIR IA COURS\deep learning\reco-cnn\data\raw\images\Cars17.png,c:\Users\DELL\Documents\4IIR IA COURS\deep learning\reco-cnn\extracted_plates\plate_crops\Cars17_plate.png,45,17,51,21
Cars170,c:\Users\DELL\Documents\4IIR IA COURS\deep learning\reco-cnn\data\raw\images\Cars170.png,c:\Users\DELL\Documents\4IIR IA COURS\deep learning\reco-cnn\extracted_plates\plate_crops\Cars170_plate.png,28,34,32,44
Cars171,c:\Users\DELL\Documents\4IIR IA COURS\deep learning\reco-cnn\data\raw\images\Cars171.png,c:\Users\DELL\Documents\4IIR IA COURS\deep learning\reco-cnn\extracted_plates\plate_crops\Cars171_plate.png,50,21,58,27
Cars172,c:\Users\DELL\Documents\4IIR IA COURS\deep learning\reco-cnn\data\raw\images\Cars172.png,c:\Users\DELL\Documents\4IIR IA COURS\deep learning\reco-cnn\extracted_plates\plate_crops\Cars172_plate.png,128,30,148,38
Cars173,c:\Users\DELL\Documents\4IIR IA COURS\deep learning\reco-cnn\data\raw\images\Cars173.png,c:\Users\DELL\Documents\4IIR IA COURS\deep learning\reco-cnn\extracted_plates\plate_crops\Cars173_plate.png,82,45,94,57
Cars174,c:\Users\DELL\Documents\4IIR IA COURS\deep learning\reco-cnn\data\raw\images\Cars174.png,c:\Users\DELL\Documents\4IIR IA COURS\deep learning\reco-cnn\extracted_plates\plate_crops\Cars174_plate.png,23,9,27,13
Cars175,c:\Users\DELL\Documents\4IIR IA COURS\deep learning\reco-cnn\data\raw\images\Cars175.png,c:\Users\DELL\Documents\4IIR IA COURS\deep learning\reco-cnn\extracted_plates\plate_crops\Cars175_plate.png,161,130,185,168
Cars176,c:\Users\DELL\Documents\4IIR IA COURS\deep learning\reco-cnn\data\raw\images\Cars176.png,c:\Users\DELL\Documents\4IIR IA COURS\deep learning\reco-cnn\extracted_plates\plate_crops\Cars176_plate.png,236,118,272,152
Cars177,c:\Users\DELL\Documents\4IIR IA COURS\deep learning\reco-cnn\data\raw\images\Cars177.png,c:\Users\DELL\Documents\4IIR IA COURS\deep learning\reco-cnn\extracted_plates\plate_crops\Cars177_plate.png,123,27,141,35
Cars178,c:\Users\DELL\Documents\4IIR IA COURS\deep learning\reco-cnn\data\raw\images\Cars178.png,c:\Users\DELL\Documents\4IIR IA COURS\deep learning\reco-cnn\extracted_plates\plate_crops\Cars178_plate.png,47,25,53,31
Cars179,c:\Users\DELL\Documents\4IIR IA COURS\deep learning\reco-cnn\data\raw\images\Cars179.png,c:\Users\DELL\Documents\4IIR IA COURS\deep learning\reco-cnn\extracted_plates\plate_crops\Cars179_plate.png,60,37,68,47
Cars18,c:\Users\DELL\Documents\4IIR IA COURS\deep learning\reco-cnn\data\raw\images\Cars18.png,c:\Users\DELL\Documents\4IIR IA COURS\deep learning\reco-cnn\extracted_plates\plate_crops\Cars18_plate.png,92,25,106,31
Cars180,c:\Users\DELL\Documents\4IIR IA COURS\deep learning\reco-cnn\data\raw\images\Cars180.png,c:\Users\DELL\Documents\4IIR IA COURS\deep learning\reco-cnn\extracted_plates\plate_crops\Cars180_plate.png,153,72,177,92
Cars181,c:\Users\DELL\Documents\4IIR IA COURS\deep learning\reco-cnn\data\raw\images\Cars181.png,c:\Users\DELL\Documents\4IIR IA COURS\deep learning\reco-cnn\extracted_plates\plate_crops\Cars181_plate.png,59,14,67,18
Cars182,c:\Users\DELL\Documents\4IIR IA COURS\deep learning\reco-cnn\data\raw\images\Cars182.png,c:\Users\DELL\Documents\4IIR IA COURS\deep learning\reco-cnn\extracted_plates\plate_crops\Cars182_plate.png,79,20,91,26
Cars183,c:\Users\DELL\Documents\4IIR IA COURS\deep learning\reco-cnn\data\raw\images\Cars183.png,c:\Users\DELL\Documents\4IIR IA COURS\deep learning\reco-cnn\extracted_plates\plate_crops\Cars183_plate.png,137,32,157,40
Cars184,c:\Users\DELL\Documents\4IIR IA COURS\deep learning\reco-cnn\data\raw\images\Cars184.png,c:\Users\DELL\Documents\4IIR IA COURS\deep learning\reco-cnn\extracted_plates\plate_crops\Cars184_plate.png,49,13,55,17
Cars185,c:\Users\DELL\Documents\4IIR IA COURS\deep learning\reco-cnn\data\raw\images\Cars185.png,c:\Users\DELL\Documents\4IIR IA COURS\deep learning\reco-cnn\extracted_plates\plate_crops\Cars185_plate.png,139,47,161,61
Cars186,c:\Users\DELL\Documents\4IIR IA COURS\deep learning\reco-cnn\data\raw\images\Cars186.png,c:\Users\DELL\Documents\4IIR IA COURS\deep learning\reco-cnn\extracted_plates\plate_crops\Cars186_plate.png,67,23,77,29
Cars187,c:\Users\DELL\Documents\4IIR IA COURS\deep learning\reco-cnn\data\raw\images\Cars187.png,c:\Users\DELL\Documents\4IIR IA COURS\deep learning\reco-cnn\extracted_plates\plate_crops\Cars187_plate.png,191,39,221,49
Cars188,c:\Users\DELL\Documents\4IIR IA COURS\deep learning\reco-cnn\data\raw\images\Cars188.png,c:\Users\DELL\Documents\4IIR IA COURS\deep learning\reco-cnn\extracted_plates\plate_crops\Cars188_plate.png,11,9,15,13
Cars189,c:\Users\DELL\Documents\4IIR IA COURS\deep learning\reco-cnn\data\raw\images\Cars189.png,c:\Users\DELL\Documents\4IIR IA COURS\deep learning\reco-cnn\extracted_plates\plate_crops\Cars189_plate.png,138,45,160,55
Cars19,c:\Users\DELL\Documents\4IIR IA COURS\deep learning\reco-cnn\data\raw\images\Cars19.png,c:\Users\DELL\Documents\4IIR IA COURS\deep learning\reco-cnn\extracted_plates\plate_crops\Cars19_plate.png,73,37,83,47
Cars190,c:\Users\DELL\Documents\4IIR IA COURS\deep learning\reco-cnn\data\raw\images\Cars190.png,c:\Users\DELL\Documents\4IIR IA COURS\deep learning\reco-cnn\extracted_plates\plate_crops\Cars190_plate.png,96,25,110,31
Cars191,c:\Users\DELL\Documents\4IIR IA COURS\deep learning\reco-cnn\data\raw\images\Cars191.png,c:\Users\DELL\Documents\4IIR IA COURS\deep learning\reco-cnn\extracted_plates\plate_crops\Cars191_plate.png,103,28,119,36
Cars192,c:\Users\DELL\Documents\4IIR IA COURS\deep learning\reco-cnn\data\raw\images\Cars192.png,c:\Users\DELL\Documents\4IIR IA COURS\deep learning\reco-cnn\extracted_plates\plate_crops\Cars192_plate.png,103,23,119,29
Cars193,c:\Users\DELL\Documents\4IIR IA COURS\deep learning\reco-cnn\data\raw\images\Cars193.png,c:\Users\DELL\Documents\4IIR IA COURS\deep learning\reco-cnn\extracted_plates\plate_crops\Cars193_plate.png,38,21,44,27
Cars194,c:\Users\DELL\Documents\4IIR IA COURS\deep learning\reco-cnn\data\raw\images\Cars194.png,c:\Users\DELL\Documents\4IIR IA COURS\deep learning\reco-cnn\extracted_plates\plate_crops\Cars194_plate.png,49,13,55,17
Cars195,c:\Users\DELL\Documents\4IIR IA COURS\deep learning\reco-cnn\data\raw\images\Cars195.png,c:\Users\DELL\Documents\4IIR IA COURS\deep learning\reco-cnn\extracted_plates\plate_crops\Cars195_plate.png,76,21,88,27
Cars196,c:\Users\DELL\Documents\4IIR IA COURS\deep learning\reco-cnn\data\raw\images\Cars196.png,c:\Users\DELL\Documents\4IIR IA COURS\deep learning\reco-cnn\extracted_plates\plate_crops\Cars196_plate.png,25,12,29,16
Cars197,c:\Users\DELL\Documents\4IIR IA COURS\deep learning\reco-cnn\data\raw\images\Cars197.png,c:\Users\DELL\Documents\4IIR IA COURS\deep learning\reco-cnn\extracted_plates\plate_crops\Cars197_plate.png,137,25,157,31
Cars198,c:\Users\DELL\Documents\4IIR IA COURS\deep learning\reco-cnn\data\raw\images\Cars198.png,c:\Users\DELL\Documents\4IIR IA COURS\deep learning\reco-cnn\extracted_plates\plate_crops\Cars198_plate.png,107,21,123,27
Cars199,c:\Users\DELL\Documents\4IIR IA COURS\deep learning\reco-cnn\data\raw\images\Cars199.png,c:\Users\DELL\Documents\4IIR IA COURS\deep learning\reco-cnn\extracted_plates\plate_crops\Cars199_plate.png,251,70,291,90
Cars2,c:\Users\DELL\Documents\4IIR IA COURS\deep learning\reco-cnn\data\raw\images\Cars2.png,c:\Users\DELL\Documents\4IIR IA COURS\deep learning\reco-cnn\extracted_plates\plate_crops\Cars2_plate.png,41,17,47,21
Cars20,c:\Users\DELL\Documents\4IIR IA COURS\deep learning\reco-cnn\data\raw\images\Cars20.png,c:\Users\DELL\Documents\4IIR IA COURS\deep learning\reco-cnn\extracted_plates\plate_crops\Cars20_plate.png,30,17,34,21
Cars200,c:\Users\DELL\Documents\4IIR IA COURS\deep learning\reco-cnn\data\raw\images\Cars200.png,c:\Users\DELL\Documents\4IIR IA COURS\deep learning\reco-cnn\extracted_plates\plate_crops\Cars200_plate.png,100,28,116,36
Cars201,c:\Users\DELL\Documents\4IIR IA COURS\deep learning\reco-cnn\data\raw\images\Cars201.png,c:\Users\DELL\Documents\4IIR IA COURS\deep learning\reco-cnn\extracted_plates\plate_crops\Cars201_plate.png,151,37,175,47
Cars202,c:\Users\DELL\Documents\4IIR IA COURS\deep learning\reco-cnn\data\raw\images\Cars202.png,c:\Users\DELL\Documents\4IIR IA COURS\deep learning\reco-cnn\extracted_plates\plate_crops\Cars202_plate.png,52,24,60,30
Cars203,c:\Users\DELL\Documents\4IIR IA COURS\deep learning\reco-cnn\data\raw\images\Cars203.png,c:\Users\DELL\Documents\4IIR IA COURS\deep learning\reco-cnn\extracted_plates\plate_crops\Cars203_plate.png,155,53,179,67
Cars204,c:\Users\DELL\Documents\4IIR IA COURS\deep learning\reco-cnn\data\raw\images\Cars204.png,c:\Users\DELL\Documents\4IIR IA COURS\deep learning\reco-cnn\extracted_plates\plate_crops\Cars204_plate.png,86,42,98,54
Cars205,c:\Users\DELL\Documents\4IIR IA COURS\deep learning\reco-cnn\data\raw\images\Cars205.png,c:\Users\DELL\Documents\4IIR IA COURS\deep learning\reco-cnn\extracted_plates\plate_crops\Cars205_plate.png,65,37,75,47
Cars206,c:\Users\DELL\Documents\4IIR IA COURS\deep learning\reco-cnn\data\raw\images\Cars206.png,c:\Users\DELL\Documents\4IIR IA COURS\deep learning\reco-cnn\extracted_plates\plate_crops\Cars206_plate.png,69,21,79,27
Cars207,c:\Users\DELL\Documents\4IIR IA COURS\deep learning\reco-cnn\data\raw\images\Cars207.png,c:\Users\DELL\Documents\4IIR IA COURS\deep learning\reco-cnn\extracted_plates\plate_crops\Cars207_plate.png,118,35,136,45
Cars208,c:\Users\DELL\Documents\4IIR IA COURS\deep learning\reco-cnn\data\raw\images\Cars208.png,c:\Users\DELL\Documents\4IIR IA COURS\deep learning\reco-cnn\extracted_plates\plate_crops\Cars208_plate.png,90,46,104,58
Cars209,c:\Users\DELL\Documents\4IIR IA COURS\deep learning\reco-cnn\data\raw\images\Cars209.png,c:\Users\DELL\Documents\4IIR IA COURS\deep learning\reco-cnn\extracted_plates\plate_crops\Cars209_plate.png,28,14,32,18
Cars21,c:\Users\DELL\Documents\4IIR IA COURS\deep learning\reco-cnn\data\raw\images\Cars21.png,c:\Users\DELL\Documents\4IIR IA COURS\deep learning\reco-cnn\extracted_plates\plate_crops\Cars21_plate.png,64,27,74,35
Cars210,c:\Users\DELL\Documents\4IIR IA COURS\deep learning\reco-cnn\data\raw\images\Cars210.png,c:\Users\DELL\Documents\4IIR IA COURS\deep learning\reco-cnn\extracted_plates\plate_crops\Cars210_plate.png,261,69,301,89
Cars211,c:\Users\DELL\Documents\4IIR IA COURS\deep learning\reco-cnn\data\raw\images\Cars211.png,c:\Users\DELL\Documents\4IIR IA COURS\deep learning\reco-cnn\extracted_plates\plate_crops\Cars211_plate.png,359,171,400,221
Cars212,c:\Users\DELL\Documents\4IIR IA COURS\deep learning\reco-cnn\data\raw\images\Cars212.png,c:\Users\DELL\Documents\4IIR IA COURS\deep learning\reco-cnn\extracted_plates\plate_crops\Cars212_plate.png,185,47,213,61
Cars213,c:\Users\DELL\Documents\4IIR IA COURS\deep learning\reco-cnn\data\raw\images\Cars213.png,c:\Users\DELL\Documents\4IIR IA COURS\deep learning\reco-cnn\extracted_plates\plate_crops\Cars213_plate.png,83,34,95,44
Cars214,c:\Users\DELL\Documents\4IIR IA COURS\deep learning\reco-cnn\data\raw\images\Cars214.png,c:\Users\DELL\Documents\4IIR IA COURS\deep learning\reco-cnn\extracted_plates\plate_crops\Cars214_plate.png,26,13,30,17
Cars215,c:\Users\DELL\Documents\4IIR IA COURS\deep learning\reco-cnn\data\raw\images\Cars215.png,c:\Users\DELL\Documents\4IIR IA COURS\deep learning\reco-cnn\extracted_plates\plate_crops\Cars215_plate.png,70,18,80,22
Cars216,c:\Users\DELL\Documents\4IIR IA COURS\deep learning\reco-cnn\data\raw\images\Cars216.png,c:\Users\DELL\Documents\4IIR IA COURS\deep learning\reco-cnn\extracted_plates\plate_crops\Cars216_plate.png,75,48,87,62
Cars217,c:\Users\DELL\Documents\4IIR IA COURS\deep learning\reco-cnn\data\raw\images\Cars217.png,c:\Users\DELL\Documents\4IIR IA COURS\deep learning\reco-cnn\extracted_plates\plate_crops\Cars217_plate.png,74,35,84,45
Cars218,c:\Users\DELL\Documents\4IIR IA COURS\deep learning\reco-cnn\data\raw\images\Cars218.png,c:\Users\DELL\Documents\4IIR IA COURS\deep learning\reco-cnn\extracted_plates\plate_crops\Cars218_plate.png,27,22,29,28
Cars219,c:\Users\DELL\Documents\4IIR IA COURS\deep learning\reco-cnn\data\raw\images\Cars219.png,c:\Users\DELL\Documents\4IIR IA COURS\deep learning\reco-cnn\extracted_plates\plate_crops\Cars219_plate.png,335,64,387,82
Cars22,c:\Users\DELL\Documents\4IIR IA COURS\deep learning\reco-cnn\data\raw\images\Cars22.png,c:\Users\DELL\Documents\4IIR IA COURS\deep learning\reco-cnn\extracted_plates\plate_crops\Cars22_plate.png,53,12,61,16
Cars220,c:\Users\DELL\Documents\4IIR IA COURS\deep learning\reco-cnn\data\raw\images\Cars220.png,c:\Users\DELL\Documents\4IIR IA COURS\deep learning\reco-cnn\extracted_plates\plate_crops\Cars220_plate.png,46,14,52,18
Cars221,c:\Users\DELL\Documents\4IIR IA COURS\deep learning\reco-cnn\data\raw\images\Cars221.png,c:\Users\DELL\Documents\4IIR IA COURS\deep learning\reco-cnn\extracted_plates\plate_crops\Cars221_plate.png,23,13,27,17
Cars222,c:\Users\DELL\Documents\4IIR IA COURS\deep learning\reco-cnn\data\raw\images\Cars222.png,c:\Users\DELL\Documents\4IIR IA COURS\deep learning\reco-cnn\extracted_plates\plate_crops\Cars222_plate.png,57,12,65,16
Cars223,c:\Users\DELL\Documents\4IIR IA COURS\deep learning\reco-cnn\data\raw\images\Cars223.png,c:\Users\DELL\Documents\4IIR IA COURS\deep learning\reco-cnn\extracted_plates\plate_crops\Cars223_plate.png,60,18,68,22
Cars224,c:\Users\DELL\Documents\4IIR IA COURS\deep learning\reco-cnn\data\raw\images\Cars224.png,c:\Users\DELL\Documents\4IIR IA COURS\deep learning\reco-cnn\extracted_plates\plate_crops\Cars224_plate.png,62,25,70,31
Cars225,c:\Users\DELL\Documents\4IIR IA COURS\deep learning\reco-cnn\data\raw\images\Cars225.png,c:\Users\DELL\Documents\4IIR IA COURS\deep learning\reco-cnn\extracted_plates\plate_crops\Cars225_plate.png,195,54,225,70
Cars226,c:\Users\DELL\Documents\4IIR IA COURS\deep learning\reco-cnn\data\raw\images\Cars226.png,c:\Users\DELL\Documents\4IIR IA COURS\deep learning\reco-cnn\extracted_plates\plate_crops\Cars226_plate.png,69,19,79,23
Cars227,c:\Users\DELL\Documents\4IIR IA COURS\deep learning\reco-cnn\data\raw\images\Cars227.png,c:\Users\DELL\Documents\4IIR IA COURS\deep learning\reco-cnn\extracted_plates\plate_crops\Cars227_plate.png,35,12,39,16
Cars228,c:\Users\DELL\Documents\4IIR IA COURS\deep learning\reco-cnn\data\raw\images\Cars228.png,c:\Users\DELL\Documents\4IIR IA COURS\deep learning\reco-cnn\extracted_plates\plate_crops\Cars228_plate.png,27,16,31,20
Cars229,c:\Users\DELL\Documents\4IIR IA COURS\deep learning\reco-cnn\data\raw\images\Cars229.png,c:\Users\DELL\Documents\4IIR IA COURS\deep learning\reco-cnn\extracted_plates\plate_crops\Cars229_plate.png,31,14,35,18
Cars23,c:\Users\DELL\Documents\4IIR IA COURS\deep learning\reco-cnn\data\raw\images\Cars23.png,c:\Users\DELL\Documents\4IIR IA COURS\deep learning\reco-cnn\extracted_plates\plate_crops\Cars23_plate.png,70,39,80,49
Cars230,c:\Users\DELL\Documents\4IIR IA COURS\deep learning\reco-cnn\data\raw\images\Cars230.png,c:\Users\DELL\Documents\4IIR IA COURS\deep learning\reco-cnn\extracted_plates\plate_crops\Cars230_plate.png,139,29,161,37
Cars231,c:\Users\DELL\Documents\4IIR IA COURS\deep learning\reco-cnn\data\raw\images\Cars231.png,c:\Users\DELL\Documents\4IIR IA COURS\deep learning\reco-cnn\extracted_plates\plate_crops\Cars231_plate.png,69,20,79,26
Cars232,c:\Users\DELL\Documents\4IIR IA COURS\deep learning\reco-cnn\data\raw\images\Cars232.png,c:\Users\DELL\Documents\4IIR IA COURS\deep learning\reco-cnn\extracted_plates\plate_crops\Cars232_plate.png,53,27,61,35
Cars233,c:\Users\DELL\Documents\4IIR IA COURS\deep learning\reco-cnn\data\raw\images\Cars233.png,c:\Users\DELL\Documents\4IIR IA COURS\deep learning\reco-cnn\extracted_plates\plate_crops\Cars233_plate.png,70,23,80,29
Cars234,c:\Users\DELL\Documents\4IIR IA COURS\deep learning\reco-cnn\data\raw\images\Cars234.png,c:\Users\DELL\Documents\4IIR IA COURS\deep learning\reco-cnn\extracted_plates\plate_crops\Cars234_plate.png,86,22,98,28
Cars235,c:\Users\DELL\Documents\4IIR IA COURS\deep learning\reco-cnn\data\raw\images\Cars235.png,c:\Users\DELL\Documents\4IIR IA COURS\deep learning\reco-cnn\extracted_plates\plate_crops\Cars235_plate.png,95,22,109,28
Cars236,c:\Users\DELL\Documents\4IIR IA COURS\deep learning\reco-cnn\data\raw\images\Cars236.png,c:\Users\DELL\Documents\4IIR IA COURS\deep learning\reco-cnn\extracted_plates\plate_crops\Cars236_plate.png,27,13,31,17
Cars237,c:\Users\DELL\Documents\4IIR IA COURS\deep learning\reco-cnn\data\raw\images\Cars237.png,c:\Users\DELL\Documents\4IIR IA COURS\deep learning\reco-cnn\extracted_plates\plate_crops\Cars237_plate.png,36,21,40,27
Cars238,c:\Users\DELL\Documents\4IIR IA COURS\deep learning\reco-cnn\data\raw\images\Cars238.png,c:\Users\DELL\Documents\4IIR IA COURS\deep learning\reco-cnn\extracted_plates\plate_crops\Cars238_plate.png,120,87,138,113
Cars239,c:\Users\DELL\Documents\4IIR IA COURS\deep learning\reco-cnn\data\raw\images\Cars239.png,c:\Users\DELL\Documents\4IIR IA COURS\deep learning\reco-cnn\extracted_plates\plate_crops\Cars239_plate.png,150,30,174,38
Cars24,c:\Users\DELL\Documents\4IIR IA COURS\deep learning\reco-cnn\data\raw\images\Cars24.png,c:\Users\DELL\Documents\4IIR IA COURS\deep learning\reco-cnn\extracted_plates\plate_crops\Cars24_plate.png,73,19,83,23
Cars240,c:\Users\DELL\Documents\4IIR IA COURS\deep learning\reco-cnn\data\raw\images\Cars240.png,c:\Users\DELL\Documents\4IIR IA COURS\deep learning\reco-cnn\extracted_plates\plate_crops\Cars240_plate.png,61,16,69,20
Cars241,c:\Users\DELL\Documents\4IIR IA COURS\deep learning\reco-cnn\data\raw\images\Cars241.png,c:\Users\DELL\Documents\4IIR IA COURS\deep learning\reco-cnn\extracted_plates\plate_crops\Cars241_plate.png,115,57,133,73
Cars242,c:\Users\DELL\Documents\4IIR IA COURS\deep learning\reco-cnn\data\raw\images\Cars242.png,c:\Users\DELL\Documents\4IIR IA COURS\deep learning\reco-cnn\extracted_plates\plate_crops\Cars242_plate.png,53,29,61,37
Cars243,c:\Users\DELL\Documents\4IIR IA COURS\deep learning\reco-cnn\data\raw\images\Cars243.png,c:\Users\DELL\Documents\4IIR IA COURS\deep learning\reco-cnn\extracted_plates\plate_crops\Cars243_plate.png,336,61,388,79
Cars244,c:\Users\DELL\Documents\4IIR IA COURS\deep learning\reco-cnn\data\raw\images\Cars244.png,c:\Users\DELL\Documents\4IIR IA COURS\deep learning\reco-cnn\extracted_plates\plate_crops\Cars244_plate.png,340,68,387,88
Cars245,c:\Users\DELL\Documents\4IIR IA COURS\deep learning\reco-cnn\data\raw\images\Cars245.png,c:\Users\DELL\Documents\4IIR IA COURS\deep learning\reco-cnn\extracted_plates\plate_crops\Cars245_plate.png,73,28,83,36
Cars246,c:\Users\DELL\Documents\4IIR IA COURS\deep learning\reco-cnn\data\raw\images\Cars246.png,c:\Users\DELL\Documents\4IIR IA COURS\deep learning\reco-cnn\extracted_plates\plate_crops\Cars246_plate.png,63,30,73,38
Cars247,c:\Users\DELL\Documents\4IIR IA COURS\deep learning\reco-cnn\data\raw\images\Cars247.png,c:\Users\DELL\Documents\4IIR IA COURS\deep learning\reco-cnn\extracted_plates\plate_crops\Cars247_plate.png,153,138,177,169
Cars248,c:\Users\DELL\Documents\4IIR IA COURS\deep learning\reco-cnn\data\raw\images\Cars248.png,c:\Users\DELL\Documents\4IIR IA COURS\deep learning\reco-cnn\extracted_plates\plate_crops\Cars248_plate.png,127,48,147,62
Cars249,c:\Users\DELL\Documents\4IIR IA COURS\deep learning\reco-cnn\data\raw\images\Cars249.png,c:\Users\DELL\Documents\4IIR IA COURS\deep learning\reco-cnn\extracted_plates\plate_crops\Cars249_plate.png,31,8,35,12
Cars25,c:\Users\DELL\Documents\4IIR IA COURS\deep learning\reco-cnn\data\raw\images\Cars25.png,c:\Users\DELL\Documents\4IIR IA COURS\deep learning\reco-cnn\extracted_plates\plate_crops\Cars25_plate.png,39,20,45,26
Cars250,c:\Users\DELL\Documents\4IIR IA COURS\deep learning\reco-cnn\data\raw\images\Cars250.png,c:\Users\DELL\Documents\4IIR IA COURS\deep learning\reco-cnn\extracted_plates\plate_crops\Cars250_plate.png,129,37,149,47
Cars251,c:\Users\DELL\Documents\4IIR IA COURS\deep learning\reco-cnn\data\raw\images\Cars251.png,c:\Users\DELL\Documents\4IIR IA COURS\deep learning\reco-cnn\extracted_plates\plate_crops\Cars251_plate.png,74,19,84,23
Cars252,c:\Users\DELL\Documents\4IIR IA COURS\deep learning\reco-cnn\data\raw\images\Cars252.png,c:\Users\DELL\Documents\4IIR IA COURS\deep learning\reco-cnn\extracted_plates\plate_crops\Cars252_plate.png,140,37,162,47
Cars253,c:\Users\DELL\Documents\4IIR IA COURS\deep learning\reco-cnn\data\raw\images\Cars253.png,c:\Users\DELL\Documents\4IIR IA COURS\deep learning\reco-cnn\extracted_plates\plate_crops\Cars253_plate.png,39,13,45,17
Cars254,c:\Users\DELL\Documents\4IIR IA COURS\deep learning\reco-cnn\data\raw\images\Cars254.png,c:\Users\DELL\Documents\4IIR IA COURS\deep learning\reco-cnn\extracted_plates\plate_crops\Cars254_plate.png,69,32,79,40
Cars255,c:\Users\DELL\Documents\4IIR IA COURS\deep learning\reco-cnn\data\raw\images\Cars255.png,c:\Users\DELL\Documents\4IIR IA COURS\deep learning\reco-cnn\extracted_plates\plate_crops\Cars255_plate.png,157,32,181,40
Cars256,c:\Users\DELL\Documents\4IIR IA COURS\deep learning\reco-cnn\data\raw\images\Cars256.png,c:\Users\DELL\Documents\4IIR IA COURS\deep learning\reco-cnn\extracted_plates\plate_crops\Cars256_plate.png,114,37,123,47
Cars257,c:\Users\DELL\Documents\4IIR IA COURS\deep learning\reco-cnn\data\raw\images\Cars257.png,c:\Users\DELL\Documents\4IIR IA COURS\deep learning\reco-cnn\extracted_plates\plate_crops\Cars257_plate.png,74,34,84,44
Cars258,c:\Users\DELL\Documents\4IIR IA COURS\deep learning\reco-cnn\data\raw\images\Cars258.png,c:\Users\DELL\Documents\4IIR IA COURS\deep learning\reco-cnn\extracted_plates\plate_crops\Cars258_plate.png,72,48,82,62
Cars259,c:\Users\DELL\Documents\4IIR IA COURS\deep learning\reco-cnn\data\raw\images\Cars259.png,c:\Users\DELL\Documents\4IIR IA COURS\deep learning\reco-cnn\extracted_plates\plate_crops\Cars259_plate.png,151,39,175,49
Cars26,c:\Users\DELL\Documents\4IIR IA COURS\deep learning\reco-cnn\data\raw\images\Cars26.png,c:\Users\DELL\Documents\4IIR IA COURS\deep learning\reco-cnn\extracted_plates\plate_crops\Cars26_plate.png,63,29,73,37
Cars260,c:\Users\DELL\Documents\4IIR IA COURS\deep learning\reco-cnn\data\raw\images\Cars260.png,c:\Users\DELL\Documents\4IIR IA COURS\deep learning\reco-cnn\extracted_plates\plate_crops\Cars260_plate.png,62,17,70,21
Cars261,c:\Users\DELL\Documents\4IIR IA COURS\deep learning\reco-cnn\data\raw\images\Cars261.png,c:\Users\DELL\Documents\4IIR IA COURS\deep learning\reco-cnn\extracted_plates\plate_crops\Cars261_plate.png,463,80,480,104
Cars262,c:\Users\DELL\Documents\4IIR IA COURS\deep learning\reco-cnn\data\raw\images\Cars262.png,c:\Users\DELL\Documents\4IIR IA COURS\deep learning\reco-cnn\extracted_plates\plate_crops\Cars262_plate.png,42,21,48,27
Cars263,c:\Users\DELL\Documents\4IIR IA COURS\deep learning\reco-cnn\data\raw\images\Cars263.png,c:\Users\DELL\Documents\4IIR IA COURS\deep learning\reco-cnn\extracted_plates\plate_crops\Cars263_plate.png,103,30,119,36
Cars264,c:\Users\DELL\Documents\4IIR IA COURS\deep learning\reco-cnn\data\raw\images\Cars264.png,c:\Users\DELL\Documents\4IIR IA COURS\deep learning\reco-cnn\extracted_plates\plate_crops\Cars264_plate.png,73,37,83,47
Cars265,c:\Users\DELL\Documents\4IIR IA COURS\deep learning\reco-cnn\data\raw\images\Cars265.png,c:\Users\DELL\Documents\4IIR IA COURS\deep learning\reco-cnn\extracted_plates\plate_crops\Cars265_plate.png,129,46,149,58
Cars266,c:\Users\DELL\Documents\4IIR IA COURS\deep learning\reco-cnn\data\raw\images\Cars266.png,c:\Users\DELL\Documents\4IIR IA COURS\deep learning\reco-cnn\extracted_plates\plate_crops\Cars266_plate.png,77,19,89,23
Cars267,c:\Users\DELL\Documents\4IIR IA COURS\deep learning\reco-cnn\data\raw\images\Cars267.png,c:\Users\DELL\Documents\4IIR IA COURS\deep learning\reco-cnn\extracted_plates\plate_crops\Cars267_plate.png,69,20,79,26
Cars268,c:\Users\DELL\Documents\4IIR IA COURS\deep learning\reco-cnn\data\raw\images\Cars268.png,c:\Users\DELL\Documents\4IIR IA COURS\deep learning\reco-cnn\extracted_plates\plate_crops\Cars268_plate.png,58,35,66,45
Cars269,c:\Users\DELL\Documents\4IIR IA COURS\deep learning\reco-cnn\data\raw\images\Cars269.png,c:\Users\DELL\Documents\4IIR IA COURS\deep learning\reco-cnn\extracted_plates\plate_crops\Cars269_plate.png,37,18,41,22
Cars27,c:\Users\DELL\Documents\4IIR IA COURS\deep learning\reco-cnn\data\raw\images\Cars27.png,c:\Users\DELL\Documents\4IIR IA COURS\deep learning\reco-cnn\extracted_plates\plate_crops\Cars27_plate.png,97,32,111,40
Cars270,c:\Users\DELL\Documents\4IIR IA COURS\deep learning\reco-cnn\data\raw\images\Cars270.png,c:\Users\DELL\Documents\4IIR IA COURS\deep learning\reco-cnn\extracted_plates\plate_crops\Cars270_plate.png,50,22,58,28
Cars271,c:\Users\DELL\Documents\4IIR IA COURS\deep learning\reco-cnn\data\raw\images\Cars271.png,c:\Users\DELL\Documents\4IIR IA COURS\deep learning\reco-cnn\extracted_plates\plate_crops\Cars271_plate.png,56,19,64,23
Cars272,c:\Users\DELL\Documents\4IIR IA COURS\deep learning\reco-cnn\data\raw\images\Cars272.png,c:\Users\DELL\Documents\4IIR IA COURS\deep learning\reco-cnn\extracted_plates\plate_crops\Cars272_plate.png,146,40,168,52
Cars273,c:\Users\DELL\Documents\4IIR IA COURS\deep learning\reco-cnn\data\raw\images\Cars273.png,c:\Users\DELL\Documents\4IIR IA COURS\deep learning\reco-cnn\extracted_plates\plate_crops\Cars273_plate.png,190,41,220,53
Cars274,c:\Users\DELL\Documents\4IIR IA COURS\deep learning\reco-cnn\data\raw\images\Cars274.png,c:\Users\DELL\Documents\4IIR IA COURS\deep learning\reco-cnn\extracted_plates\plate_crops\Cars274_plate.png,57,20,65,26
Cars275,c:\Users\DELL\Documents\4IIR IA COURS\deep learning\reco-cnn\data\raw\images\Cars275.png,c:\Users\DELL\Documents\4IIR IA COURS\deep learning\reco-cnn\extracted_plates\plate_crops\Cars275_plate.png,63,17,73,21
Cars276,c:\Users\DELL\Documents\4IIR IA COURS\deep learning\reco-cnn\data\raw\images\Cars276.png,c:\Users\DELL\Documents\4IIR IA COURS\deep learning\reco-cnn\extracted_plates\plate_crops\Cars276_plate.png,161,40,185,52
Cars277,c:\Users\DELL\Documents\4IIR IA COURS\deep learning\reco-cnn\data\raw\images\Cars277.png,c:\Users\DELL\Documents\4IIR IA COURS\deep learning\reco-cnn\extracted_plates\plate_crops\Cars277_plate.png,24,7,28,11
Cars278,c:\Users\DELL\Documents\4IIR IA COURS\deep learning\reco-cnn\data\raw\images\Cars278.png,c:\Users\DELL\Documents\4IIR IA COURS\deep learning\reco-cnn\extracted_plates\plate_crops\Cars278_plate.png,37,25,41,31
Cars279,c:\Users\DELL\Documents\4IIR IA COURS\deep learning\reco-cnn\data\raw\images\Cars279.png,c:\Users\DELL\Documents\4IIR IA COURS\deep learning\reco-cnn\extracted_plates\plate_crops\Cars279_plate.png,160,112,184,144
Cars28,c:\Users\DELL\Documents\4IIR IA COURS\deep learning\reco-cnn\data\raw\images\Cars28.png,c:\Users\DELL\Documents\4IIR IA COURS\deep learning\reco-cnn\extracted_plates\plate_crops\Cars28_plate.png,57,18,63,22
Cars280,c:\Users\DELL\Documents\4IIR IA COURS\deep learning\reco-cnn\data\raw\images\Cars280.png,c:\Users\DELL\Documents\4IIR IA COURS\deep learning\reco-cnn\extracted_plates\plate_crops\Cars280_plate.png,22,10,26,14
Cars281,c:\Users\DELL\Documents\4IIR IA COURS\deep learning\reco-cnn\data\raw\images\Cars281.png,c:\Users\DELL\Documents\4IIR IA COURS\deep learning\reco-cnn\extracted_plates\plate_crops\Cars281_plate.png,92,14,106,18
Cars282,c:\Users\DELL\Documents\4IIR IA COURS\deep learning\reco-cnn\data\raw\images\Cars282.png,c:\Users\DELL\Documents\4IIR IA COURS\deep learning\reco-cnn\extracted_plates\plate_crops\Cars282_plate.png,282,58,326,74
Cars283,c:\Users\DELL\Documents\4IIR IA COURS\deep learning\reco-cnn\data\raw\images\Cars283.png,c:\Users\DELL\Documents\4IIR IA COURS\deep learning\reco-cnn\extracted_plates\plate_crops\Cars283_plate.png,28,12,32,16
Cars284,c:\Users\DELL\Documents\4IIR IA COURS\deep learning\reco-cnn\data\raw\images\Cars284.png,c:\Users\DELL\Documents\4IIR IA COURS\deep learning\reco-cnn\extracted_plates\plate_crops\Cars284_plate.png,190,72,220,92
Cars285,c:\Users\DELL\Documents\4IIR IA COURS\deep learning\reco-cnn\data\raw\images\Cars285.png,c:\Users\DELL\Documents\4IIR IA COURS\deep learning\reco-cnn\extracted_plates\plate_crops\Cars285_plate.png,72,23,82,29
Cars286,c:\Users\DELL\Documents\4IIR IA COURS\deep learning\reco-cnn\data\raw\images\Cars286.png,c:\Users\DELL\Documents\4IIR IA COURS\deep learning\reco-cnn\extracted_plates\plate_crops\Cars286_plate.png,87,39,99,49
Cars287,c:\Users\DELL\Documents\4IIR IA COURS\deep learning\reco-cnn\data\raw\images\Cars287.png,c:\Users\DELL\Documents\4IIR IA COURS\deep learning\reco-cnn\extracted_plates\plate_crops\Cars287_plate.png,114,33,132,41
Cars288,c:\Users\DELL\Documents\4IIR IA COURS\deep learning\reco-cnn\data\raw\images\Cars288.png,c:\Users\DELL\Documents\4IIR IA COURS\deep learning\reco-cnn\extracted_plates\plate_crops\Cars288_plate.png,67,21,77,27
Cars289,c:\Users\DELL\Documents\4IIR IA COURS\deep learning\reco-cnn\data\raw\images\Cars289.png,c:\Users\DELL\Documents\4IIR IA COURS\deep learning\reco-cnn\extracted_plates\plate_crops\Cars289_plate.png,108,33,124,41
Cars29,c:\Users\DELL\Documents\4IIR IA COURS\deep learning\reco-cnn\data\raw\images\Cars29.png,c:\Users\DELL\Documents\4IIR IA COURS\deep learning\reco-cnn\extracted_plates\plate_crops\Cars29_plate.png,68,37,78,47
Cars290,c:\Users\DELL\Documents\4IIR IA COURS\deep learning\reco-cnn\data\raw\images\Cars290.png,c:\Users\DELL\Documents\4IIR IA COURS\deep learning\reco-cnn\extracted_plates\plate_crops\Cars290_plate.png,47,34,53,44
Cars291,c:\Users\DELL\Documents\4IIR IA COURS\deep learning\reco-cnn\data\raw\images\Cars291.png,c:\Users\DELL\Documents\4IIR IA COURS\deep learning\reco-cnn\extracted_plates\plate_crops\Cars291_plate.png,144,41,166,53
Cars292,c:\Users\DELL\Documents\4IIR IA COURS\deep learning\reco-cnn\data\raw\images\Cars292.png,c:\Users\DELL\Documents\4IIR IA COURS\deep learning\reco-cnn\extracted_plates\plate_crops\Cars292_plate.png,46,21,52,27
Cars293,c:\Users\DELL\Documents\4IIR IA COURS\deep learning\reco-cnn\data\raw\images\Cars293.png,c:\Users\DELL\Documents\4IIR IA COURS\deep learning\reco-cnn\extracted_plates\plate_crops\Cars293_plate.png,66,21,76,27
Cars294,c:\Users\DELL\Documents\4IIR IA COURS\deep learning\reco-cnn\data\raw\images\Cars294.png,c:\Users\DELL\Documents\4IIR IA COURS\deep learning\reco-cnn\extracted_plates\plate_crops\Cars294_plate.png,76,18,88,22
Cars295,c:\Users\DELL\Documents\4IIR IA COURS\deep learning\reco-cnn\data\raw\images\Cars295.png,c:\Users\DELL\Documents\4IIR IA COURS\deep learning\reco-cnn\extracted_plates\plate_crops\Cars295_plate.png,21,12,25,16
Cars296,c:\Users\DELL\Documents\4IIR IA COURS\deep learning\reco-cnn\data\raw\images\Cars296.png,c:\Users\DELL\Documents\4IIR IA COURS\deep learning\reco-cnn\extracted_plates\plate_crops\Cars296_plate.png,71,38,81,48
Cars297,c:\Users\DELL\Documents\4IIR IA COURS\deep learning\reco-cnn\data\raw\images\Cars297.png,c:\Users\DELL\Documents\4IIR IA COURS\deep learning\reco-cnn\extracted_plates\plate_crops\Cars297_plate.png,89,21,103,27
Cars298,c:\Users\DELL\Documents\4IIR IA COURS\deep learning\reco-cnn\data\raw\images\Cars298.png,c:\Users\DELL\Documents\4IIR IA COURS\deep learning\reco-cnn\extracted_plates\plate_crops\Cars298_plate.png,67,36,77,46
Cars299,c:\Users\DELL\Documents\4IIR IA COURS\deep learning\reco-cnn\data\raw\images\Cars299.png,c:\Users\DELL\Documents\4IIR IA COURS\deep learning\reco-cnn\extracted_plates\plate_crops\Cars299_plate.png,169,40,195,52
Cars3,c:\Users\DELL\Documents\4IIR IA COURS\deep learning\reco-cnn\data\raw\images\Cars3.png,c:\Users\DELL\Documents\4IIR IA COURS\deep learning\reco-cnn\extracted_plates\plate_crops\Cars3_plate.png,119,29,137,37
Cars30,c:\Users\DELL\Documents\4IIR IA COURS\deep learning\reco-cnn\data\raw\images\Cars30.png,c:\Users\DELL\Documents\4IIR IA COURS\deep learning\reco-cnn\extracted_plates\plate_crops\Cars30_plate.png,45,13,51,17
Cars300,c:\Users\DELL\Documents\4IIR IA COURS\deep learning\reco-cnn\data\raw\images\Cars300.png,c:\Users\DELL\Documents\4IIR IA COURS\deep learning\reco-cnn\extracted_plates\plate_crops\Cars300_plate.png,58,30,66,38
Cars301,c:\Users\DELL\Documents\4IIR IA COURS\deep learning\reco-cnn\data\raw\images\Cars301.png,c:\Users\DELL\Documents\4IIR IA COURS\deep learning\reco-cnn\extracted_plates\plate_crops\Cars301_plate.png,98,28,112,36
Cars302,c:\Users\DELL\Documents\4IIR IA COURS\deep learning\reco-cnn\data\raw\images\Cars302.png,c:\Users\DELL\Documents\4IIR IA COURS\deep learning\reco-cnn\extracted_plates\plate_crops\Cars302_plate.png,203,51,235,65
Cars303,c:\Users\DELL\Documents\4IIR IA COURS\deep learning\reco-cnn\data\raw\images\Cars303.png,c:\Users\DELL\Documents\4IIR IA COURS\deep learning\reco-cnn\extracted_plates\plate_crops\Cars303_plate.png,97,26,111,32
Cars304,c:\Users\DELL\Documents\4IIR IA COURS\deep learning\reco-cnn\data\raw\images\Cars304.png,c:\Users\DELL\Documents\4IIR IA COURS\deep learning\reco-cnn\extracted_plates\plate_crops\Cars304_plate.png,79,42,91,54
Cars305,c:\Users\DELL\Documents\4IIR IA COURS\deep learning\reco-cnn\data\raw\images\Cars305.png,c:\Users\DELL\Documents\4IIR IA COURS\deep learning\reco-cnn\extracted_plates\plate_crops\Cars305_plate.png,73,16,83,20
Cars306,c:\Users\DELL\Documents\4IIR IA COURS\deep learning\reco-cnn\data\raw\images\Cars306.png,c:\Users\DELL\Documents\4IIR IA COURS\deep learning\reco-cnn\extracted_plates\plate_crops\Cars306_plate.png,110,28,126,36
Cars307,c:\Users\DELL\Documents\4IIR IA COURS\deep learning\reco-cnn\data\raw\images\Cars307.png,c:\Users\DELL\Documents\4IIR IA COURS\deep learning\reco-cnn\extracted_plates\plate_crops\Cars307_plate.png,265,57,307,73
Cars308,c:\Users\DELL\Documents\4IIR IA COURS\deep learning\reco-cnn\data\raw\images\Cars308.png,c:\Users\DELL\Documents\4IIR IA COURS\deep learning\reco-cnn\extracted_plates\plate_crops\Cars308_plate.png,78,20,90,26
Cars309,c:\Users\DELL\Documents\4IIR IA COURS\deep learning\reco-cnn\data\raw\images\Cars309.png,c:\Users\DELL\Documents\4IIR IA COURS\deep learning\reco-cnn\extracted_plates\plate_crops\Cars309_plate.png,100,85,116,109
Cars31,c:\Users\DELL\Documents\4IIR IA COURS\deep learning\reco-cnn\data\raw\images\Cars31.png,c:\Users\DELL\Documents\4IIR IA COURS\deep learning\reco-cnn\extracted_plates\plate_crops\Cars31_plate.png,114,38,123,48
Cars310,c:\Users\DELL\Documents\4IIR IA COURS\deep learning\reco-cnn\data\raw\images\Cars310.png,c:\Users\DELL\Documents\4IIR IA COURS\deep learning\reco-cnn\extracted_plates\plate_crops\Cars310_plate.png,107,48,123,62
Cars311,c:\Users\DELL\Documents\4IIR IA COURS\deep learning\reco-cnn\data\raw\images\Cars311.png,c:\Users\DELL\Documents\4IIR IA COURS\deep learning\reco-cnn\extracted_plates\plate_crops\Cars311_plate.png,60,19,68,23
Cars312,c:\Users\DELL\Documents\4IIR IA COURS\deep learning\reco-cnn\data\raw\images\Cars312.png,c:\Users\DELL\Documents\4IIR IA COURS\deep learning\reco-cnn\extracted_plates\plate_crops\Cars312_plate.png,407,180,471,234
Cars313,c:\Users\DELL\Documents\4IIR IA COURS\deep learning\reco-cnn\data\raw\images\Cars313.png,c:\Users\DELL\Documents\4IIR IA COURS\deep learning\reco-cnn\extracted_plates\plate_crops\Cars313_plate.png,76,35,88,45
Cars314,c:\Users\DELL\Documents\4IIR IA COURS\deep learning\reco-cnn\data\raw\images\Cars314.png,c:\Users\DELL\Documents\4IIR IA COURS\deep learning\reco-cnn\extracted_plates\plate_crops\Cars314_plate.png,79,60,91,69
Cars315,c:\Users\DELL\Documents\4IIR IA COURS\deep learning\reco-cnn\data\raw\images\Cars315.png,c:\Users\DELL\Documents\4IIR IA COURS\deep learning\reco-cnn\extracted_plates\plate_crops\Cars315_plate.png,373,83,400,107
Cars316,c:\Users\DELL\Documents\4IIR IA COURS\deep learning\reco-cnn\data\raw\images\Cars316.png,c:\Users\DELL\Documents\4IIR IA COURS\deep learning\reco-cnn\extracted_plates\plate_crops\Cars316_plate.png,99,34,113,44
Cars317,c:\Users\DELL\Documents\4IIR IA COURS\deep learning\reco-cnn\data\raw\images\Cars317.png,c:\Users\DELL\Documents\4IIR IA COURS\deep learning\reco-cnn\extracted_plates\plate_crops\Cars317_plate.png,76,18,88,22
Cars318,c:\Users\DELL\Documents\4IIR IA COURS\deep learning\reco-cnn\data\raw\images\Cars318.png,c:\Users\DELL\Documents\4IIR IA COURS\deep learning\reco-cnn\extracted_plates\plate_crops\Cars318_plate.png,144,43,166,55
Cars319,c:\Users\DELL\Documents\4IIR IA COURS\deep learning\reco-cnn\data\raw\images\Cars319.png,c:\Users\DELL\Documents\4IIR IA COURS\deep learning\reco-cnn\extracted_plates\plate_crops\Cars319_plate.png,65,31,75,39
Cars32,c:\Users\DELL\Documents\4IIR IA COURS\deep learning\reco-cnn\data\raw\images\Cars32.png,c:\Users\DELL\Documents\4IIR IA COURS\deep learning\reco-cnn\extracted_plates\plate_crops\Cars32_plate.png,51,18,59,22
Cars320,c:\Users\DELL\Documents\4IIR IA COURS\deep learning\reco-cnn\data\raw\images\Cars320.png,c:\Users\DELL\Documents\4IIR IA COURS\deep learning\reco-cnn\extracted_plates\plate_crops\Cars320_plate.png,158,41,182,53
Cars321,c:\Users\DELL\Documents\4IIR IA COURS\deep learning\reco-cnn\data\raw\images\Cars321.png,c:\Users\DELL\Documents\4IIR IA COURS\deep learning\reco-cnn\extracted_plates\plate_crops\Cars321_plate.png,35,11,39,15
Cars322,c:\Users\DELL\Documents\4IIR IA COURS\deep learning\reco-cnn\data\raw\images\Cars322.png,c:\Users\DELL\Documents\4IIR IA COURS\deep learning\reco-cnn\extracted_plates\plate_crops\Cars322_plate.png,76,40,88,52
Cars323,c:\Users\DELL\Documents\4IIR IA COURS\deep learning\reco-cnn\data\raw\images\Cars323.png,c:\Users\DELL\Documents\4IIR IA COURS\deep learning\reco-cnn\extracted_plates\plate_crops\Cars323_plate.png,156,37,180,47
Cars324,c:\Users\DELL\Documents\4IIR IA COURS\deep learning\reco-cnn\data\raw\images\Cars324.png,c:\Users\DELL\Documents\4IIR IA COURS\deep learning\reco-cnn\extracted_plates\plate_crops\Cars324_plate.png,104,21,120,27
Cars325,c:\Users\DELL\Documents\4IIR IA COURS\deep learning\reco-cnn\data\raw\images\Cars325.png,c:\Users\DELL\Documents\4IIR IA COURS\deep learning\reco-cnn\extracted_plates\plate_crops\Cars325_plate.png,32,16,36,20
Cars326,c:\Users\DELL\Documents\4IIR IA COURS\deep learning\reco-cnn\data\raw\images\Cars326.png,c:\Users\DELL\Documents\4IIR IA COURS\deep learning\reco-cnn\extracted_plates\plate_crops\Cars326_plate.png,111,32,127,40
Cars327,c:\Users\DELL\Documents\4IIR IA COURS\deep learning\reco-cnn\data\raw\images\Cars327.png,c:\Users\DELL\Documents\4IIR IA COURS\deep learning\reco-cnn\extracted_plates\plate_crops\Cars327_plate.png,124,29,142,37
Cars328,c:\Users\DELL\Documents\4IIR IA COURS\deep learning\reco-cnn\data\raw\images\Cars328.png,c:\Users\DELL\Documents\4IIR IA COURS\deep learning\reco-cnn\extracted_plates\plate_crops\Cars328_plate.png,92,21,106,27
Cars329,c:\Users\DELL\Documents\4IIR IA COURS\deep learning\reco-cnn\data\raw\images\Cars329.png,c:\Users\DELL\Documents\4IIR IA COURS\deep learning\reco-cnn\extracted_plates\plate_crops\Cars329_plate.png,58,34,66,44
Cars33,c:\Users\DELL\Documents\4IIR IA COURS\deep learning\reco-cnn\data\raw\images\Cars33.png,c:\Users\DELL\Documents\4IIR IA COURS\deep learning\reco-cnn\extracted_plates\plate_crops\Cars33_plate.png,212,113,244,145
Cars330,c:\Users\DELL\Documents\4IIR IA COURS\deep learning\reco-cnn\data\raw\images\Cars330.png,c:\Users\DELL\Documents\4IIR IA COURS\deep learning\reco-cnn\extracted_plates\plate_crops\Cars330_plate.png,28,11,32,15
Cars331,c:\Users\DELL\Documents\4IIR IA COURS\deep learning\reco-cnn\data\raw\images\Cars331.png,c:\Users\DELL\Documents\4IIR IA COURS\deep learning\reco-cnn\extracted_plates\plate_crops\Cars331_plate.png,71,20,81,26
Cars332,c:\Users\DELL\Documents\4IIR IA COURS\deep learning\reco-cnn\data\raw\images\Cars332.png,c:\Users\DELL\Documents\4IIR IA COURS\deep learning\reco-cnn\extracted_plates\plate_crops\Cars332_plate.png,117,33,135,41
Cars333,c:\Users\DELL\Documents\4IIR IA COURS\deep learning\reco-cnn\data\raw\images\Cars333.png,c:\Users\DELL\Documents\4IIR IA COURS\deep learning\reco-cnn\extracted_plates\plate_crops\Cars333_plate.png,153,34,177,44
Cars334,c:\Users\DELL\Documents\4IIR IA COURS\deep learning\reco-cnn\data\raw\images\Cars334.png,c:\Users\DELL\Documents\4IIR IA COURS\deep learning\reco-cnn\extracted_plates\plate_crops\Cars334_plate.png,56,16,64,20
Cars335,c:\Users\DELL\Documents\4IIR IA COURS\deep learning\reco-cnn\data\raw\images\Cars335.png,c:\Users\DELL\Documents\4IIR IA COURS\deep learning\reco-cnn\extracted_plates\plate_crops\Cars335_plate.png,65,35,75,45
Cars336,c:\Users\DELL\Documents\4IIR IA COURS\deep learning\reco-cnn\data\raw\images\Cars336.png,c:\Users\DELL\Documents\4IIR IA COURS\deep learning\reco-cnn\extracted_plates\plate_crops\Cars336_plate.png,143,39,165,49
Cars337,c:\Users\DELL\Documents\4IIR IA COURS\deep learning\reco-cnn\data\raw\images\Cars337.png,c:\Users\DELL\Documents\4IIR IA COURS\deep learning\reco-cnn\extracted_plates\plate_crops\Cars337_plate.png,17,23,21,29
Cars338,c:\Users\DELL\Documents\4IIR IA COURS\deep learning\reco-cnn\data\raw\images\Cars338.png,c:\Users\DELL\Documents\4IIR IA COURS\deep learning\reco-cnn\extracted_plates\plate_crops\Cars338_plate.png,19,12,23,16
Cars339,c:\Users\DELL\Documents\4IIR IA COURS\deep learning\reco-cnn\data\raw\images\Cars339.png,c:\Users\DELL\Documents\4IIR IA COURS\deep learning\reco-cnn\extracted_plates\plate_crops\Cars339_plate.png,74,34,84,44
Cars34,c:\Users\DELL\Documents\4IIR IA COURS\deep learning\reco-cnn\data\raw\images\Cars34.png,c:\Users\DELL\Documents\4IIR IA COURS\deep learning\reco-cnn\extracted_plates\plate_crops\Cars34_plate.png,113,25,131,31
Cars340,c:\Users\DELL\Documents\4IIR IA COURS\deep learning\reco-cnn\data\raw\images\Cars340.png,c:\Users\DELL\Documents\4IIR IA COURS\deep learning\reco-cnn\extracted_plates\plate_crops\Cars340_plate.png,51,17,59,21
Cars341,c:\Users\DELL\Documents\4IIR IA COURS\deep learning\reco-cnn\data\raw\images\Cars341.png,c:\Users\DELL\Documents\4IIR IA COURS\deep learning\reco-cnn\extracted_plates\plate_crops\Cars341_plate.png,68,31,78,39
Cars342,c:\Users\DELL\Documents\4IIR IA COURS\deep learning\reco-cnn\data\raw\images\Cars342.png,c:\Users\DELL\Documents\4IIR IA COURS\deep learning\reco-cnn\extracted_plates\plate_crops\Cars342_plate.png,57,21,65,27
Cars343,c:\Users\DELL\Documents\4IIR IA COURS\deep learning\reco-cnn\data\raw\images\Cars343.png,c:\Users\DELL\Documents\4IIR IA COURS\deep learning\reco-cnn\extracted_plates\plate_crops\Cars343_plate.png,52,23,60,29
Cars344,c:\Users\DELL\Documents\4IIR IA COURS\deep learning\reco-cnn\data\raw\images\Cars344.png,c:\Users\DELL\Documents\4IIR IA COURS\deep learning\reco-cnn\extracted_plates\plate_crops\Cars344_plate.png,139,59,161,75
Cars345,c:\Users\DELL\Documents\4IIR IA COURS\deep learning\reco-cnn\data\raw\images\Cars345.png,c:\Users\DELL\Documents\4IIR IA COURS\deep learning\reco-cnn\extracted_plates\plate_crops\Cars345_plate.png,74,39,84,49
Cars346,c:\Users\DELL\Documents\4IIR IA COURS\deep learning\reco-cnn\data\raw\images\Cars346.png,c:\Users\DELL\Documents\4IIR IA COURS\deep learning\reco-cnn\extracted_plates\plate_crops\Cars346_plate.png,106,32,122,40
Cars347,c:\Users\DELL\Documents\4IIR IA COURS\deep learning\reco-cnn\data\raw\images\Cars347.png,c:\Users\DELL\Documents\4IIR IA COURS\deep learning\reco-cnn\extracted_plates\plate_crops\Cars347_plate.png,25,11,29,15
Cars348,c:\Users\DELL\Documents\4IIR IA COURS\deep learning\reco-cnn\data\raw\images\Cars348.png,c:\Users\DELL\Documents\4IIR IA COURS\deep learning\reco-cnn\extracted_plates\plate_crops\Cars348_plate.png,94,83,108,107
Cars349,c:\Users\DELL\Documents\4IIR IA COURS\deep learning\reco-cnn\data\raw\images\Cars349.png,c:\Users\DELL\Documents\4IIR IA COURS\deep learning\reco-cnn\extracted_plates\plate_crops\Cars349_plate.png,108,24,124,30
Cars35,c:\Users\DELL\Documents\4IIR IA COURS\deep learning\reco-cnn\data\raw\images\Cars35.png,c:\Users\DELL\Documents\4IIR IA COURS\deep learning\reco-cnn\extracted_plates\plate_crops\Cars35_plate.png,46,22,52,28
Cars350,c:\Users\DELL\Documents\4IIR IA COURS\deep learning\reco-cnn\data\raw\images\Cars350.png,c:\Users\DELL\Documents\4IIR IA COURS\deep learning\reco-cnn\extracted_plates\plate_crops\Cars350_plate.png,49,9,55,13
Cars351,c:\Users\DELL\Documents\4IIR IA COURS\deep learning\reco-cnn\data\raw\images\Cars351.png,c:\Users\DELL\Documents\4IIR IA COURS\deep learning\reco-cnn\extracted_plates\plate_crops\Cars351_plate.png,119,81,137,105
Cars352,c:\Users\DELL\Documents\4IIR IA COURS\deep learning\reco-cnn\data\raw\images\Cars352.png,c:\Users\DELL\Documents\4IIR IA COURS\deep learning\reco-cnn\extracted_plates\plate_crops\Cars352_plate.png,16,10,20,14
Cars353,c:\Users\DELL\Documents\4IIR IA COURS\deep learning\reco-cnn\data\raw\images\Cars353.png,c:\Users\DELL\Documents\4IIR IA COURS\deep learning\reco-cnn\extracted_plates\plate_crops\Cars353_plate.png,108,32,124,40
Cars354,c:\Users\DELL\Documents\4IIR IA COURS\deep learning\reco-cnn\data\raw\images\Cars354.png,c:\Users\DELL\Documents\4IIR IA COURS\deep learning\reco-cnn\extracted_plates\plate_crops\Cars354_plate.png,37,20,41,26
Cars355,c:\Users\DELL\Documents\4IIR IA COURS\deep learning\reco-cnn\data\raw\images\Cars355.png,c:\Users\DELL\Documents\4IIR IA COURS\deep learning\reco-cnn\extracted_plates\plate_crops\Cars355_plate.png,75,36,87,46
Cars356,c:\Users\DELL\Documents\4IIR IA COURS\deep learning\reco-cnn\data\raw\images\Cars356.png,c:\Users\DELL\Documents\4IIR IA COURS\deep learning\reco-cnn\extracted_plates\plate_crops\Cars356_plate.png,123,59,141,75
Cars357,c:\Users\DELL\Documents\4IIR IA COURS\deep learning\reco-cnn\data\raw\images\Cars357.png,c:\Users\DELL\Documents\4IIR IA COURS\deep learning\reco-cnn\extracted_plates\plate_crops\Cars357_plate.png,45,20,51,26
Cars358,c:\Users\DELL\Documents\4IIR IA COURS\deep learning\reco-cnn\data\raw\images\Cars358.png,c:\Users\DELL\Documents\4IIR IA COURS\deep learning\reco-cnn\extracted_plates\plate_crops\Cars358_plate.png,63,13,73,17
Cars359,c:\Users\DELL\Documents\4IIR IA COURS\deep learning\reco-cnn\data\raw\images\Cars359.png,c:\Users\DELL\Documents\4IIR IA COURS\deep learning\reco-cnn\extracted_plates\plate_crops\Cars359_plate.png,38,12,44,16
Cars36,c:\Users\DELL\Documents\4IIR IA COURS\deep learning\reco-cnn\data\raw\images\Cars36.png,c:\Users\DELL\Documents\4IIR IA COURS\deep learning\reco-cnn\extracted_plates\plate_crops\Cars36_plate.png,82,36,94,46
Cars360,c:\Users\DELL\Documents\4IIR IA COURS\deep learning\reco-cnn\data\raw\images\Cars360.png,c:\Users\DELL\Documents\4IIR IA COURS\deep learning\reco-cnn\extracted_plates\plate_crops\Cars360_plate.png,42,33,48,41
Cars361,c:\Users\DELL\Documents\4IIR IA COURS\deep learning\reco-cnn\data\raw\images\Cars361.png,c:\Users\DELL\Documents\4IIR IA COURS\deep learning\reco-cnn\extracted_plates\plate_crops\Cars361_plate.png,157,65,181,83
Cars362,c:\Users\DELL\Documents\4IIR IA COURS\deep learning\reco-cnn\data\raw\images\Cars362.png,c:\Users\DELL\Documents\4IIR IA COURS\deep learning\reco-cnn\extracted_plates\plate_crops\Cars362_plate.png,23,7,27,11
Cars363,c:\Users\DELL\Documents\4IIR IA COURS\deep learning\reco-cnn\data\raw\images\Cars363.png,c:\Users\DELL\Documents\4IIR IA COURS\deep learning\reco-cnn\extracted_plates\plate_crops\Cars363_plate.png,101,35,117,45
Cars364,c:\Users\DELL\Documents\4IIR IA COURS\deep learning\reco-cnn\data\raw\images\Cars364.png,c:\Users\DELL\Documents\4IIR IA COURS\deep learning\reco-cnn\extracted_plates\plate_crops\Cars364_plate.png,54,27,62,35
Cars365,c:\Users\DELL\Documents\4IIR IA COURS\deep learning\reco-cnn\data\raw\images\Cars365.png,c:\Users\DELL\Documents\4IIR IA COURS\deep learning\reco-cnn\extracted_plates\plate_crops\Cars365_plate.png,80,21,92,27
Cars366,c:\Users\DELL\Documents\4IIR IA COURS\deep learning\reco-cnn\data\raw\images\Cars366.png,c:\Users\DELL\Documents\4IIR IA COURS\deep learning\reco-cnn\extracted_plates\plate_crops\Cars366_plate.png,172,48,198,62
Cars367,c:\Users\DELL\Documents\4IIR IA COURS\deep learning\reco-cnn\data\raw\images\Cars367.png,c:\Users\DELL\Documents\4IIR IA COURS\deep learning\reco-cnn\extracted_plates\plate_crops\Cars367_plate.png,158,61,182,79
Cars368,c:\Users\DELL\Documents\4IIR IA COURS\deep learning\reco-cnn\data\raw\images\Cars368.png,c:\Users\DELL\Documents\4IIR IA COURS\deep learning\reco-cnn\extracted_plates\plate_crops\Cars368_plate.png,50,30,58,38
Cars369,c:\Users\DELL\Documents\4IIR IA COURS\deep learning\reco-cnn\data\raw\images\Cars369.png,c:\Users\DELL\Documents\4IIR IA COURS\deep learning\reco-cnn\extracted_plates\plate_crops\Cars369_plate.png,149,27,171,35
Cars37,c:\Users\DELL\Documents\4IIR IA COURS\deep learning\reco-cnn\data\raw\images\Cars37.png,c:\Users\DELL\Documents\4IIR IA COURS\deep learning\reco-cnn\extracted_plates\plate_crops\Cars37_plate.png,100,49,116,63
Cars370,c:\Users\DELL\Documents\4IIR IA COURS\deep learning\reco-cnn\data\raw\images\Cars370.png,c:\Users\DELL\Documents\4IIR IA COURS\deep learning\reco-cnn\extracted_plates\plate_crops\Cars370_plate.png,140,27,161,35
Cars371,c:\Users\DELL\Documents\4IIR IA COURS\deep learning\reco-cnn\data\raw\images\Cars371.png,c:\Users\DELL\Documents\4IIR IA COURS\deep learning\reco-cnn\extracted_plates\plate_crops\Cars371_plate.png,58,15,66,19
Cars372,c:\Users\DELL\Documents\4IIR IA COURS\deep learning\reco-cnn\data\raw\images\Cars372.png,c:\Users\DELL\Documents\4IIR IA COURS\deep learning\reco-cnn\extracted_plates\plate_crops\Cars372_plate.png,132,34,152,44
Cars373,c:\Users\DELL\Documents\4IIR IA COURS\deep learning\reco-cnn\data\raw\images\Cars373.png,c:\Users\DELL\Documents\4IIR IA COURS\deep learning\reco-cnn\extracted_plates\plate_crops\Cars373_plate.png,103,25,119,31
Cars374,c:\Users\DELL\Documents\4IIR IA COURS\deep learning\reco-cnn\data\raw\images\Cars374.png,c:\Users\DELL\Documents\4IIR IA COURS\deep learning\reco-cnn\extracted_plates\plate_crops\Cars374_plate.png,87,24,99,30
Cars375,c:\Users\DELL\Documents\4IIR IA COURS\deep learning\reco-cnn\data\raw\images\Cars375.png,c:\Users\DELL\Documents\4IIR IA COURS\deep learning\reco-cnn\extracted_plates\plate_crops\Cars375_plate.png,156,31,180,39
Cars376,c:\Users\DELL\Documents\4IIR IA COURS\deep learning\reco-cnn\data\raw\images\Cars376.png,c:\Users\DELL\Documents\4IIR IA COURS\deep learning\reco-cnn\extracted_plates\plate_crops\Cars376_plate.png,93,25,107,31
Cars377,c:\Users\DELL\Documents\4IIR IA COURS\deep learning\reco-cnn\data\raw\images\Cars377.png,c:\Users\DELL\Documents\4IIR IA COURS\deep learning\reco-cnn\extracted_plates\plate_crops\Cars377_plate.png,39,23,45,29
Cars378,c:\Users\DELL\Documents\4IIR IA COURS\deep learning\reco-cnn\data\raw\images\Cars378.png,c:\Users\DELL\Documents\4IIR IA COURS\deep learning\reco-cnn\extracted_plates\plate_crops\Cars378_plate.png,136,45,156,57
Cars379,c:\Users\DELL\Documents\4IIR IA COURS\deep learning\reco-cnn\data\raw\images\Cars379.png,c:\Users\DELL\Documents\4IIR IA COURS\deep learning\reco-cnn\extracted_plates\plate_crops\Cars379_plate.png,154,48,178,62
Cars38,c:\Users\DELL\Documents\4IIR IA COURS\deep learning\reco-cnn\data\raw\images\Cars38.png,c:\Users\DELL\Documents\4IIR IA COURS\deep learning\reco-cnn\extracted_plates\plate_crops\Cars38_plate.png,72,35,82,45
Cars380,c:\Users\DELL\Documents\4IIR IA COURS\deep learning\reco-cnn\data\raw\images\Cars380.png,c:\Users\DELL\Documents\4IIR IA COURS\deep learning\reco-cnn\extracted_plates\plate_crops\Cars380_plate.png,48,35,54,45
Cars381,c:\Users\DELL\Documents\4IIR IA COURS\deep learning\reco-cnn\data\raw\images\Cars381.png,c:\Users\DELL\Documents\4IIR IA COURS\deep learning\reco-cnn\extracted_plates\plate_crops\Cars381_plate.png,82,24,94,30
Cars382,c:\Users\DELL\Documents\4IIR IA COURS\deep learning\reco-cnn\data\raw\images\Cars382.png,c:\Users\DELL\Documents\4IIR IA COURS\deep learning\reco-cnn\extracted_plates\plate_crops\Cars382_plate.png,136,34,156,44
Cars383,c:\Users\DELL\Documents\4IIR IA COURS\deep learning\reco-cnn\data\raw\images\Cars383.png,c:\Users\DELL\Documents\4IIR IA COURS\deep learning\reco-cnn\extracted_plates\plate_crops\Cars383_plate.png,34,12,38,16
Cars384,c:\Users\DELL\Documents\4IIR IA COURS\deep learning\reco-cnn\data\raw\images\Cars384.png,c:\Users\DELL\Documents\4IIR IA COURS\deep learning\reco-cnn\extracted_plates\plate_crops\Cars384_plate.png,52,36,60,46
Cars385,c:\Users\DELL\Documents\4IIR IA COURS\deep learning\reco-cnn\data\raw\images\Cars385.png,c:\Users\DELL\Documents\4IIR IA COURS\deep learning\reco-cnn\extracted_plates\plate_crops\Cars385_plate.png,241,116,279,150
Cars386,c:\Users\DELL\Documents\4IIR IA COURS\deep learning\reco-cnn\data\raw\images\Cars386.png,c:\Users\DELL\Documents\4IIR IA COURS\deep learning\reco-cnn\extracted_plates\plate_crops\Cars386_plate.png,138,61,160,79
Cars387,c:\Users\DELL\Documents\4IIR IA COURS\deep learning\reco-cnn\data\raw\images\Cars387.png,c:\Users\DELL\Documents\4IIR IA COURS\deep learning\reco-cnn\extracted_plates\plate_crops\Cars387_plate.png,93,38,107,48
Cars388,c:\Users\DELL\Documents\4IIR IA COURS\deep learning\reco-cnn\data\raw\images\Cars388.png,c:\Users\DELL\Documents\4IIR IA COURS\deep learning\reco-cnn\extracted_plates\plate_crops\Cars388_plate.png,106,28,122,36
Cars389,c:\Users\DELL\Documents\4IIR IA COURS\deep learning\reco-cnn\data\raw\images\Cars389.png,c:\Users\DELL\Documents\4IIR IA COURS\deep learning\reco-cnn\extracted_plates\plate_crops\Cars389_plate.png,145,65,167,83
Cars39,c:\Users\DELL\Documents\4IIR IA COURS\deep learning\reco-cnn\data\raw\images\Cars39.png,c:\Users\DELL\Documents\4IIR IA COURS\deep learning\reco-cnn\extracted_plates\plate_crops\Cars39_plate.png,103,33,119,41
Cars390,c:\Users\DELL\Documents\4IIR IA COURS\deep learning\reco-cnn\data\raw\images\Cars390.png,c:\Users\DELL\Documents\4IIR IA COURS\deep learning\reco-cnn\extracted_plates\plate_crops\Cars390_plate.png,37,18,41,22
Cars391,c:\Users\DELL\Documents\4IIR IA COURS\deep learning\reco-cnn\data\raw\images\Cars391.png,c:\Users\DELL\Documents\4IIR IA COURS\deep learning\reco-cnn\extracted_plates\plate_crops\Cars391_plate.png,50,27,58,35
Cars392,c:\Users\DELL\Documents\4IIR IA COURS\deep learning\reco-cnn\data\raw\images\Cars392.png,c:\Users\DELL\Documents\4IIR IA COURS\deep learning\reco-cnn\extracted_plates\plate_crops\Cars392_plate.png,116,59,134,75
Cars393,c:\Users\DELL\Documents\4IIR IA COURS\deep learning\reco-cnn\data\raw\images\Cars393.png,c:\Users\DELL\Documents\4IIR IA COURS\deep learning\reco-cnn\extracted_plates\plate_crops\Cars393_plate.png,117,37,135,47
Cars394,c:\Users\DELL\Documents\4IIR IA COURS\deep learning\reco-cnn\data\raw\images\Cars394.png,c:\Users\DELL\Documents\4IIR IA COURS\deep learning\reco-cnn\extracted_plates\plate_crops\Cars394_plate.png,119,23,137,29
Cars395,c:\Users\DELL\Documents\4IIR IA COURS\deep learning\reco-cnn\data\raw\images\Cars395.png,c:\Users\DELL\Documents\4IIR IA COURS\deep learning\reco-cnn\extracted_plates\plate_crops\Cars395_plate.png,47,23,53,29
Cars396,c:\Users\DELL\Documents\4IIR IA COURS\deep learning\reco-cnn\data\raw\images\Cars396.png,c:\Users\DELL\Documents\4IIR IA COURS\deep learning\reco-cnn\extracted_plates\plate_crops\Cars396_plate.png,88,25,102,31
Cars397,c:\Users\DELL\Documents\4IIR IA COURS\deep learning\reco-cnn\data\raw\images\Cars397.png,c:\Users\DELL\Documents\4IIR IA COURS\deep learning\reco-cnn\extracted_plates\plate_crops\Cars397_plate.png,72,43,82,55
Cars398,c:\Users\DELL\Documents\4IIR IA COURS\deep learning\reco-cnn\data\raw\images\Cars398.png,c:\Users\DELL\Documents\4IIR IA COURS\deep learning\reco-cnn\extracted_plates\plate_crops\Cars398_plate.png,124,83,142,107
Cars399,c:\Users\DELL\Documents\4IIR IA COURS\deep learning\reco-cnn\data\raw\images\Cars399.png,c:\Users\DELL\Documents\4IIR IA COURS\deep learning\reco-cnn\extracted_plates\plate_crops\Cars399_plate.png,203,99,235,127
Cars4,c:\Users\DELL\Documents\4IIR IA COURS\deep learning\reco-cnn\data\raw\images\Cars4.png,c:\Users\DELL\Documents\4IIR IA COURS\deep learning\reco-cnn\extracted_plates\plate_crops\Cars4_plate.png,347,171,401,221
Cars40,c:\Users\DELL\Documents\4IIR IA COURS\deep learning\reco-cnn\data\raw\images\Cars40.png,c:\Users\DELL\Documents\4IIR IA COURS\deep learning\reco-cnn\extracted_plates\plate_crops\Cars40_plate.png,56,25,64,31
Cars400,c:\Users\DELL\Documents\4IIR IA COURS\deep learning\reco-cnn\data\raw\images\Cars400.png,c:\Users\DELL\Documents\4IIR IA COURS\deep learning\reco-cnn\extracted_plates\plate_crops\Cars400_plate.png,37,26,41,32
Cars401,c:\Users\DELL\Documents\4IIR IA COURS\deep learning\reco-cnn\data\raw\images\Cars401.png,c:\Users\DELL\Documents\4IIR IA COURS\deep learning\reco-cnn\extracted_plates\plate_crops\Cars401_plate.png,80,17,92,21
Cars402,c:\Users\DELL\Documents\4IIR IA COURS\deep learning\reco-cnn\data\raw\images\Cars402.png,c:\Users\DELL\Documents\4IIR IA COURS\deep learning\reco-cnn\extracted_plates\plate_crops\Cars402_plate.png,78,16,90,20
Cars403,c:\Users\DELL\Documents\4IIR IA COURS\deep learning\reco-cnn\data\raw\images\Cars403.png,c:\Users\DELL\Documents\4IIR IA COURS\deep learning\reco-cnn\extracted_plates\plate_crops\Cars403_plate.png,36,20,40,26
Cars404,c:\Users\DELL\Documents\4IIR IA COURS\deep learning\reco-cnn\data\raw\images\Cars404.png,c:\Users\DELL\Documents\4IIR IA COURS\deep learning\reco-cnn\extracted_plates\plate_crops\Cars404_plate.png,73,36,83,46
Cars405,c:\Users\DELL\Documents\4IIR IA COURS\deep learning\reco-cnn\data\raw\images\Cars405.png,c:\Users\DELL\Documents\4IIR IA COURS\deep learning\reco-cnn\extracted_plates\plate_crops\Cars405_plate.png,58,25,66,31
Cars406,c:\Users\DELL\Documents\4IIR IA COURS\deep learning\reco-cnn\data\raw\images\Cars406.png,c:\Users\DELL\Documents\4IIR IA COURS\deep learning\reco-cnn\extracted_plates\plate_crops\Cars406_plate.png,89,41,103,53
Cars407,c:\Users\DELL\Documents\4IIR IA COURS\deep learning\reco-cnn\data\raw\images\Cars407.png,c:\Users\DELL\Documents\4IIR IA COURS\deep learning\reco-cnn\extracted_plates\plate_crops\Cars407_plate.png,35,19,39,23
Cars408,c:\Users\DELL\Documents\4IIR IA COURS\deep learning\reco-cnn\data\raw\images\Cars408.png,c:\Users\DELL\Documents\4IIR IA COURS\deep learning\reco-cnn\extracted_plates\plate_crops\Cars408_plate.png,27,11,31,15
Cars409,c:\Users\DELL\Documents\4IIR IA COURS\deep learning\reco-cnn\data\raw\images\Cars409.png,c:\Users\DELL\Documents\4IIR IA COURS\deep learning\reco-cnn\extracted_plates\plate_crops\Cars409_plate.png,87,22,99,28
Cars41,c:\Users\DELL\Documents\4IIR IA COURS\deep learning\reco-cnn\data\raw\images\Cars41.png,c:\Users\DELL\Documents\4IIR IA COURS\deep learning\reco-cnn\extracted_plates\plate_crops\Cars41_plate.png,50,24,58,30
Cars410,c:\Users\DELL\Documents\4IIR IA COURS\deep learning\reco-cnn\data\raw\images\Cars410.png,c:\Users\DELL\Documents\4IIR IA COURS\deep learning\reco-cnn\extracted_plates\plate_crops\Cars410_plate.png,168,62,194,80
Cars411,c:\Users\DELL\Documents\4IIR IA COURS\deep learning\reco-cnn\data\raw\images\Cars411.png,c:\Users\DELL\Documents\4IIR IA COURS\deep learning\reco-cnn\extracted_plates\plate_crops\Cars411_plate.png,89,44,103,56
Cars412,c:\Users\DELL\Documents\4IIR IA COURS\deep learning\reco-cnn\data\raw\images\Cars412.png,c:\Users\DELL\Documents\4IIR IA COURS\deep learning\reco-cnn\extracted_plates\plate_crops\Cars412_plate.png,141,30,163,38
Cars413,c:\Users\DELL\Documents\4IIR IA COURS\deep learning\reco-cnn\data\raw\images\Cars413.png,c:\Users\DELL\Documents\4IIR IA COURS\deep learning\reco-cnn\extracted_plates\plate_crops\Cars413_plate.png,34,19,38,23
Cars414,c:\Users\DELL\Documents\4IIR IA COURS\deep learning\reco-cnn\data\raw\images\Cars414.png,c:\Users\DELL\Documents\4IIR IA COURS\deep learning\reco-cnn\extracted_plates\plate_crops\Cars414_plate.png,40,22,46,28
Cars415,c:\Users\DELL\Documents\4IIR IA COURS\deep learning\reco-cnn\data\raw\images\Cars415.png,c:\Users\DELL\Documents\4IIR IA COURS\deep learning\reco-cnn\extracted_plates\plate_crops\Cars415_plate.png,128,35,148,45
Cars416,c:\Users\DELL\Documents\4IIR IA COURS\deep learning\reco-cnn\data\raw\images\Cars416.png,c:\Users\DELL\Documents\4IIR IA COURS\deep learning\reco-cnn\extracted_plates\plate_crops\Cars416_plate.png,84,14,96,18
Cars417,c:\Users\DELL\Documents\4IIR IA COURS\deep learning\reco-cnn\data\raw\images\Cars417.png,c:\Users\DELL\Documents\4IIR IA COURS\deep learning\reco-cnn\extracted_plates\plate_crops\Cars417_plate.png,183,51,211,65
Cars418,c:\Users\DELL\Documents\4IIR IA COURS\deep learning\reco-cnn\data\raw\images\Cars418.png,c:\Users\DELL\Documents\4IIR IA COURS\deep learning\reco-cnn\extracted_plates\plate_crops\Cars418_plate.png,204,85,236,109
Cars419,c:\Users\DELL\Documents\4IIR IA COURS\deep learning\reco-cnn\data\raw\images\Cars419.png,c:\Users\DELL\Documents\4IIR IA COURS\deep learning\reco-cnn\extracted_plates\plate_crops\Cars419_plate.png,154,46,178,58
Cars42,c:\Users\DELL\Documents\4IIR IA COURS\deep learning\reco-cnn\data\raw\images\Cars42.png,c:\Users\DELL\Documents\4IIR IA COURS\deep learning\reco-cnn\extracted_plates\plate_crops\Cars42_plate.png,40,19,46,23
Cars420,c:\Users\DELL\Documents\4IIR IA COURS\deep learning\reco-cnn\data\raw\images\Cars420.png,c:\Users\DELL\Documents\4IIR IA COURS\deep learning\reco-cnn\extracted_plates\plate_crops\Cars420_plate.png,48,25,54,31
Cars421,c:\Users\DELL\Documents\4IIR IA COURS\deep learning\reco-cnn\data\raw\images\Cars421.png,c:\Users\DELL\Documents\4IIR IA COURS\deep learning\reco-cnn\extracted_plates\plate_crops\Cars421_plate.png,32,21,36,27
Cars422,c:\Users\DELL\Documents\4IIR IA COURS\deep learning\reco-cnn\data\raw\images\Cars422.png,c:\Users\DELL\Documents\4IIR IA COURS\deep learning\reco-cnn\extracted_plates\plate_crops\Cars422_plate.png,137,56,157,72
Cars423,c:\Users\DELL\Documents\4IIR IA COURS\deep learning\reco-cnn\data\raw\images\Cars423.png,c:\Users\DELL\Documents\4IIR IA COURS\deep learning\reco-cnn\extracted_plates\plate_crops\Cars423_plate.png,121,24,139,30
Cars424,c:\Users\DELL\Documents\4IIR IA COURS\deep learning\reco-cnn\data\raw\images\Cars424.png,c:\Users\DELL\Documents\4IIR IA COURS\deep learning\reco-cnn\extracted_plates\plate_crops\Cars424_plate.png,333,69,385,89
Cars425,c:\Users\DELL\Documents\4IIR IA COURS\deep learning\reco-cnn\data\raw\images\Cars425.png,c:\Users\DELL\Documents\4IIR IA COURS\deep learning\reco-cnn\extracted_plates\plate_crops\Cars425_plate.png,90,29,104,37
Cars426,c:\Users\DELL\Documents\4IIR IA COURS\deep learning\reco-cnn\data\raw\images\Cars426.png,c:\Users\DELL\Documents\4IIR IA COURS\deep learning\reco-cnn\extracted_plates\plate_crops\Cars426_plate.png,134,32,154,40
Cars427,c:\Users\DELL\Documents\4IIR IA COURS\deep learning\reco-cnn\data\raw\images\Cars427.png,c:\Users\DELL\Documents\4IIR IA COURS\deep learning\reco-cnn\extracted_plates\plate_crops\Cars427_plate.png,139,35,161,45
Cars428,c:\Users\DELL\Documents\4IIR IA COURS\deep learning\reco-cnn\data\raw\images\Cars428.png,c:\Users\DELL\Documents\4IIR IA COURS\deep learning\reco-cnn\extracted_plates\plate_crops\Cars428_plate.png,116,29,134,37
Cars429,c:\Users\DELL\Documents\4IIR IA COURS\deep learning\reco-cnn\data\raw\images\Cars429.png,c:\Users\DELL\Documents\4IIR IA COURS\deep learning\reco-cnn\extracted_plates\plate_crops\Cars429_plate.png,122,29,140,37
Cars43,c:\Users\DELL\Documents\4IIR IA COURS\deep learning\reco-cnn\data\raw\images\Cars43.png,c:\Users\DELL\Documents\4IIR IA COURS\deep learning\reco-cnn\extracted_plates\plate_crops\Cars43_plate.png,177,50,205,64
Cars430,c:\Users\DELL\Documents\4IIR IA COURS\deep learning\reco-cnn\data\raw\images\Cars430.png,c:\Users\DELL\Documents\4IIR IA COURS\deep learning\reco-cnn\extracted_plates\plate_crops\Cars430_plate.png,78,38,90,48
Cars431,c:\Users\DELL\Documents\4IIR IA COURS\deep learning\reco-cnn\data\raw\images\Cars431.png,c:\Users\DELL\Documents\4IIR IA COURS\deep learning\reco-cnn\extracted_plates\plate_crops\Cars431_plate.png,288,65,334,83
Cars432,c:\Users\DELL\Documents\4IIR IA COURS\deep learning\reco-cnn\data\raw\images\Cars432.png,c:\Users\DELL\Documents\4IIR IA COURS\deep learning\reco-cnn\extracted_plates\plate_crops\Cars432_plate.png,101,26,117,32
Cars44,c:\Users\DELL\Documents\4IIR IA COURS\deep learning\reco-cnn\data\raw\images\Cars44.png,c:\Users\DELL\Documents\4IIR IA COURS\deep learning\reco-cnn\extracted_plates\plate_crops\Cars44_plate.png,412,118,443,152
Cars45,c:\Users\DELL\Documents\4IIR IA COURS\deep learning\reco-cnn\data\raw\images\Cars45.png,c:\Users\DELL\Documents\4IIR IA COURS\deep learning\reco-cnn\extracted_plates\plate_crops\Cars45_plate.png,76,72,88,92
Cars46,c:\Users\DELL\Documents\4IIR IA COURS\deep learning\reco-cnn\data\raw\images\Cars46.png,c:\Users\DELL\Documents\4IIR IA COURS\deep learning\reco-cnn\extracted_plates\plate_crops\Cars46_plate.png,163,55,189,71
Cars47,c:\Users\DELL\Documents\4IIR IA COURS\deep learning\reco-cnn\data\raw\images\Cars47.png,c:\Users\DELL\Documents\4IIR IA COURS\deep learning\reco-cnn\extracted_plates\plate_crops\Cars47_plate.png,42,18,48,22
Cars48,c:\Users\DELL\Documents\4IIR IA COURS\deep learning\reco-cnn\data\raw\images\Cars48.png,c:\Users\DELL\Documents\4IIR IA COURS\deep learning\reco-cnn\extracted_plates\plate_crops\Cars48_plate.png,191,38,221,48
Cars49,c:\Users\DELL\Documents\4IIR IA COURS\deep learning\reco-cnn\data\raw\images\Cars49.png,c:\Users\DELL\Documents\4IIR IA COURS\deep learning\reco-cnn\extracted_plates\plate_crops\Cars49_plate.png,46,19,52,23
Cars5,c:\Users\DELL\Documents\4IIR IA COURS\deep learning\reco-cnn\data\raw\images\Cars5.png,c:\Users\DELL\Documents\4IIR IA COURS\deep learning\reco-cnn\extracted_plates\plate_crops\Cars5_plate.png,16,22,20,28
Cars50,c:\Users\DELL\Documents\4IIR IA COURS\deep learning\reco-cnn\data\raw\images\Cars50.png,c:\Users\DELL\Documents\4IIR IA COURS\deep learning\reco-cnn\extracted_plates\plate_crops\Cars50_plate.png,409,207,473,269
Cars51,c:\Users\DELL\Documents\4IIR IA COURS\deep learning\reco-cnn\data\raw\images\Cars51.png,c:\Users\DELL\Documents\4IIR IA COURS\deep learning\reco-cnn\extracted_plates\plate_crops\Cars51_plate.png,54,21,62,27
Cars52,c:\Users\DELL\Documents\4IIR IA COURS\deep learning\reco-cnn\data\raw\images\Cars52.png,c:\Users\DELL\Documents\4IIR IA COURS\deep learning\reco-cnn\extracted_plates\plate_crops\Cars52_plate.png,101,29,117,37
Cars53,c:\Users\DELL\Documents\4IIR IA COURS\deep learning\reco-cnn\data\raw\images\Cars53.png,c:\Users\DELL\Documents\4IIR IA COURS\deep learning\reco-cnn\extracted_plates\plate_crops\Cars53_plate.png,114,26,132,32
Cars54,c:\Users\DELL\Documents\4IIR IA COURS\deep learning\reco-cnn\data\raw\images\Cars54.png,c:\Users\DELL\Documents\4IIR IA COURS\deep learning\reco-cnn\extracted_plates\plate_crops\Cars54_plate.png,109,57,125,73
Cars55,c:\Users\DELL\Documents\4IIR IA COURS\deep learning\reco-cnn\data\raw\images\Cars55.png,c:\Users\DELL\Documents\4IIR IA COURS\deep learning\reco-cnn\extracted_plates\plate_crops\Cars55_plate.png,67,37,77,47
Cars56,c:\Users\DELL\Documents\4IIR IA COURS\deep learning\reco-cnn\data\raw\images\Cars56.png,c:\Users\DELL\Documents\4IIR IA COURS\deep learning\reco-cnn\extracted_plates\plate_crops\Cars56_plate.png,252,64,292,82
Cars57,c:\Users\DELL\Documents\4IIR IA COURS\deep learning\reco-cnn\data\raw\images\Cars57.png,c:\Users\DELL\Documents\4IIR IA COURS\deep learning\reco-cnn\extracted_plates\plate_crops\Cars57_plate.png,51,33,59,41
Cars58,c:\Users\DELL\Documents\4IIR IA COURS\deep learning\reco-cnn\data\raw\images\Cars58.png,c:\Users\DELL\Documents\4IIR IA COURS\deep learning\reco-cnn\extracted_plates\plate_crops\Cars58_plate.png,87,21,99,27
Cars59,c:\Users\DELL\Documents\4IIR IA COURS\deep learning\reco-cnn\data\raw\images\Cars59.png,c:\Users\DELL\Documents\4IIR IA COURS\deep learning\reco-cnn\extracted_plates\plate_crops\Cars59_plate.png,51,13,59,17
Cars6,c:\Users\DELL\Documents\4IIR IA COURS\deep learning\reco-cnn\data\raw\images\Cars6.png,c:\Users\DELL\Documents\4IIR IA COURS\deep learning\reco-cnn\extracted_plates\plate_crops\Cars6_plate.png,261,125,301,161
Cars60,c:\Users\DELL\Documents\4IIR IA COURS\deep learning\reco-cnn\data\raw\images\Cars60.png,c:\Users\DELL\Documents\4IIR IA COURS\deep learning\reco-cnn\extracted_plates\plate_crops\Cars60_plate.png,319,61,369,79
Cars61,c:\Users\DELL\Documents\4IIR IA COURS\deep learning\reco-cnn\data\raw\images\Cars61.png,c:\Users\DELL\Documents\4IIR IA COURS\deep learning\reco-cnn\extracted_plates\plate_crops\Cars61_plate.png,127,107,147,139
Cars62,c:\Users\DELL\Documents\4IIR IA COURS\deep learning\reco-cnn\data\raw\images\Cars62.png,c:\Users\DELL\Documents\4IIR IA COURS\deep learning\reco-cnn\extracted_plates\plate_crops\Cars62_plate.png,87,49,99,63
Cars63,c:\Users\DELL\Documents\4IIR IA COURS\deep learning\reco-cnn\data\raw\images\Cars63.png,c:\Users\DELL\Documents\4IIR IA COURS\deep learning\reco-cnn\extracted_plates\plate_crops\Cars63_plate.png,37,25,41,31
Cars64,c:\Users\DELL\Documents\4IIR IA COURS\deep learning\reco-cnn\data\raw\images\Cars64.png,c:\Users\DELL\Documents\4IIR IA COURS\deep learning\reco-cnn\extracted_plates\plate_crops\Cars64_plate.png,205,33,237,41
Cars65,c:\Users\DELL\Documents\4IIR IA COURS\deep learning\reco-cnn\data\raw\images\Cars65.png,c:\Users\DELL\Documents\4IIR IA COURS\deep learning\reco-cnn\extracted_plates\plate_crops\Cars65_plate.png,93,60,107,78
Cars66,c:\Users\DELL\Documents\4IIR IA COURS\deep learning\reco-cnn\data\raw\images\Cars66.png,c:\Users\DELL\Documents\4IIR IA COURS\deep learning\reco-cnn\extracted_plates\plate_crops\Cars66_plate.png,67,32,77,40
Cars67,c:\Users\DELL\Documents\4IIR IA COURS\deep learning\reco-cnn\data\raw\images\Cars67.png,c:\Users\DELL\Documents\4IIR IA COURS\deep learning\reco-cnn\extracted_plates\plate_crops\Cars67_plate.png,139,25,161,31
Cars68,c:\Users\DELL\Documents\4IIR IA COURS\deep learning\reco-cnn\data\raw\images\Cars68.png,c:\Users\DELL\Documents\4IIR IA COURS\deep learning\reco-cnn\extracted_plates\plate_crops\Cars68_plate.png,56,29,64,37
Cars69,c:\Users\DELL\Documents\4IIR IA COURS\deep learning\reco-cnn\data\raw\images\Cars69.png,c:\Users\DELL\Documents\4IIR IA COURS\deep learning\reco-cnn\extracted_plates\plate_crops\Cars69_plate.png,47,25,53,31
Cars7,c:\Users\DELL\Documents\4IIR IA COURS\deep learning\reco-cnn\data\raw\images\Cars7.png,c:\Users\DELL\Documents\4IIR IA COURS\deep learning\reco-cnn\extracted_plates\plate_crops\Cars7_plate.png,40,13,46,17
Cars70,c:\Users\DELL\Documents\4IIR IA COURS\deep learning\reco-cnn\data\raw\images\Cars70.png,c:\Users\DELL\Documents\4IIR IA COURS\deep learning\reco-cnn\extracted_plates\plate_crops\Cars70_plate.png,34,18,38,22
Cars71,c:\Users\DELL\Documents\4IIR IA COURS\deep learning\reco-cnn\data\raw\images\Cars71.png,c:\Users\DELL\Documents\4IIR IA COURS\deep learning\reco-cnn\extracted_plates\plate_crops\Cars71_plate.png,30,8,34,12
Cars72,c:\Users\DELL\Documents\4IIR IA COURS\deep learning\reco-cnn\data\raw\images\Cars72.png,c:\Users\DELL\Documents\4IIR IA COURS\deep learning\reco-cnn\extracted_plates\plate_crops\Cars72_plate.png,99,26,113,32
Cars73,c:\Users\DELL\Documents\4IIR IA COURS\deep learning\reco-cnn\data\raw\images\Cars73.png,c:\Users\DELL\Documents\4IIR IA COURS\deep learning\reco-cnn\extracted_plates\plate_crops\Cars73_plate.png,164,47,190,61
Cars74,c:\Users\DELL\Documents\4IIR IA COURS\deep learning\reco-cnn\data\raw\images\Cars74.png,c:\Users\DELL\Documents\4IIR IA COURS\deep learning\reco-cnn\extracted_plates\plate_crops\Cars74_plate.png,162,38,186,48
Cars75,c:\Users\DELL\Documents\4IIR IA COURS\deep learning\reco-cnn\data\raw\images\Cars75.png,c:\Users\DELL\Documents\4IIR IA COURS\deep learning\reco-cnn\extracted_plates\plate_crops\Cars75_plate.png,9,5,13,9
Cars76,c:\Users\DELL\Documents\4IIR IA COURS\deep learning\reco-cnn\data\raw\images\Cars76.png,c:\Users\DELL\Documents\4IIR IA COURS\deep learning\reco-cnn\extracted_plates\plate_crops\Cars76_plate.png,464,119,480,153
Cars77,c:\Users\DELL\Documents\4IIR IA COURS\deep learning\reco-cnn\data\raw\images\Cars77.png,c:\Users\DELL\Documents\4IIR IA COURS\deep learning\reco-cnn\extracted_plates\plate_crops\Cars77_plate.png,80,27,92,35
Cars78,c:\Users\DELL\Documents\4IIR IA COURS\deep learning\reco-cnn\data\raw\images\Cars78.png,c:\Users\DELL\Documents\4IIR IA COURS\deep learning\reco-cnn\extracted_plates\plate_crops\Cars78_plate.png,100,29,116,37
Cars79,c:\Users\DELL\Documents\4IIR IA COURS\deep learning\reco-cnn\data\raw\images\Cars79.png,c:\Users\DELL\Documents\4IIR IA COURS\deep learning\reco-cnn\extracted_plates\plate_crops\Cars79_plate.png,112,59,128,75
Cars8,c:\Users\DELL\Documents\4IIR IA COURS\deep learning\reco-cnn\data\raw\images\Cars8.png,c:\Users\DELL\Documents\4IIR IA COURS\deep learning\reco-cnn\extracted_plates\plate_crops\Cars8_plate.png,100,30,116,38
Cars80,c:\Users\DELL\Documents\4IIR IA COURS\deep learning\reco-cnn\data\raw\images\Cars80.png,c:\Users\DELL\Documents\4IIR IA COURS\deep learning\reco-cnn\extracted_plates\plate_crops\Cars80_plate.png,185,38,213,48
Cars81,c:\Users\DELL\Documents\4IIR IA COURS\deep learning\reco-cnn\data\raw\images\Cars81.png,c:\Users\DELL\Documents\4IIR IA COURS\deep learning\reco-cnn\extracted_plates\plate_crops\Cars81_plate.png,30,25,34,31
Cars82,c:\Users\DELL\Documents\4IIR IA COURS\deep learning\reco-cnn\data\raw\images\Cars82.png,c:\Users\DELL\Documents\4IIR IA COURS\deep learning\reco-cnn\extracted_plates\plate_crops\Cars82_plate.png,67,18,77,22
Cars83,c:\Users\DELL\Documents\4IIR IA COURS\deep learning\reco-cnn\data\raw\images\Cars83.png,c:\Users\DELL\Documents\4IIR IA COURS\deep learning\reco-cnn\extracted_plates\plate_crops\Cars83_plate.png,75,46,87,58
Cars84,c:\Users\DELL\Documents\4IIR IA COURS\deep learning\reco-cnn\data\raw\images\Cars84.png,c:\Users\DELL\Documents\4IIR IA COURS\deep learning\reco-cnn\extracted_plates\plate_crops\Cars84_plate.png,71,19,81,23
Cars85,c:\Users\DELL\Documents\4IIR IA COURS\deep learning\reco-cnn\data\raw\images\Cars85.png,c:\Users\DELL\Documents\4IIR IA COURS\deep learning\reco-cnn\extracted_plates\plate_crops\Cars85_plate.png,60,17,68,21
Cars86,c:\Users\DELL\Documents\4IIR IA COURS\deep learning\reco-cnn\data\raw\images\Cars86.png,c:\Users\DELL\Documents\4IIR IA COURS\deep learning\reco-cnn\extracted_plates\plate_crops\Cars86_plate.png,115,28,133,36
Cars87,c:\Users\DELL\Documents\4IIR IA COURS\deep learning\reco-cnn\data\raw\images\Cars87.png,c:\Users\DELL\Documents\4IIR IA COURS\deep learning\reco-cnn\extracted_plates\plate_crops\Cars87_plate.png,42,15,48,19
Cars88,c:\Users\DELL\Documents\4IIR IA COURS\deep learning\reco-cnn\data\raw\images\Cars88.png,c:\Users\DELL\Documents\4IIR IA COURS\deep learning\reco-cnn\extracted_plates\plate_crops\Cars88_plate.png,74,23,84,29
Cars89,c:\Users\DELL\Documents\4IIR IA COURS\deep learning\reco-cnn\data\raw\images\Cars89.png,c:\Users\DELL\Documents\4IIR IA COURS\deep learning\reco-cnn\extracted_plates\plate_crops\Cars89_plate.png,38,15,44,19
Cars9,c:\Users\DELL\Documents\4IIR IA COURS\deep learning\reco-cnn\data\raw\images\Cars9.png,c:\Users\DELL\Documents\4IIR IA COURS\deep learning\reco-cnn\extracted_plates\plate_crops\Cars9_plate.png,108,23,124,29
Cars90,c:\Users\DELL\Documents\4IIR IA COURS\deep learning\reco-cnn\data\raw\images\Cars90.png,c:\Users\DELL\Documents\4IIR IA COURS\deep learning\reco-cnn\extracted_plates\plate_crops\Cars90_plate.png,24,21,28,27
Cars91,c:\Users\DELL\Documents\4IIR IA COURS\deep learning\reco-cnn\data\raw\images\Cars91.png,c:\Users\DELL\Documents\4IIR IA COURS\deep learning\reco-cnn\extracted_plates\plate_crops\Cars91_plate.png,48,19,54,23
Cars92,c:\Users\DELL\Documents\4IIR IA COURS\deep learning\reco-cnn\data\raw\images\Cars92.png,c:\Users\DELL\Documents\4IIR IA COURS\deep learning\reco-cnn\extracted_plates\plate_crops\Cars92_plate.png,112,86,128,110
Cars93,c:\Users\DELL\Documents\4IIR IA COURS\deep learning\reco-cnn\data\raw\images\Cars93.png,c:\Users\DELL\Documents\4IIR IA COURS\deep learning\reco-cnn\extracted_plates\plate_crops\Cars93_plate.png,20,10,24,14
Cars94,c:\Users\DELL\Documents\4IIR IA COURS\deep learning\reco-cnn\data\raw\images\Cars94.png,c:\Users\DELL\Documents\4IIR IA COURS\deep learning\reco-cnn\extracted_plates\plate_crops\Cars94_plate.png,75,38,87,48
Cars95,c:\Users\DELL\Documents\4IIR IA COURS\deep learning\reco-cnn\data\raw\images\Cars95.png,c:\Users\DELL\Documents\4IIR IA COURS\deep learning\reco-cnn\extracted_plates\plate_crops\Cars95_plate.png,129,81,149,105
Cars96,c:\Users\DELL\Documents\4IIR IA COURS\deep learning\reco-cnn\data\raw\images\Cars96.png,c:\Users\DELL\Documents\4IIR IA COURS\deep learning\reco-cnn\extracted_plates\plate_crops\Cars96_plate.png,128,34,148,44
Cars97,c:\Users\DELL\Documents\4IIR IA COURS\deep learning\reco-cnn\data\raw\images\Cars97.png,c:\Users\DELL\Documents\4IIR IA COURS\deep learning\reco-cnn\extracted_plates\plate_crops\Cars97_plate.png,199,89,229,115
Cars98,c:\Users\DELL\Documents\4IIR IA COURS\deep learning\reco-cnn\data\raw\images\Cars98.png,c:\Users\DELL\Documents\4IIR IA COURS\deep learning\reco-cnn\extracted_plates\plate_crops\Cars98_plate.png,162,63,186,81
Cars99,c:\Users\DELL\Documents\4IIR IA COURS\deep learning\reco-cnn\data\raw\images\Cars99.png,c:\Users\DELL\Documents\4IIR IA COURS\deep learning\reco-cnn\extracted_plates\plate_crops\Cars99_plate.png,192,73,222,93
